DELETE FROM Governors_XP2 WHERE GovernorType = 'GOVERNOR_IBRAHIM' ;
UPDATE Governors SET TransitionStrength = 150, AssignCityState = 0, TraitType = NULL WHERE GovernorType NOT IN ('GOVERNOR_OWLS_OF_MINERVA', 'GOVERNOR_HERMETIC_ORDER', 'GOVERNOR_VOIDSINGERS', 'GOVERNOR_SANGUINE_PACT') ;

UPDATE Governors SET Name = 'LOC_NAME_DB_GOVERNOR_DEFENSE', Description = 'LOC_DESC_DB_GOVERNOR_DEFENSE', Title = 'LOC_TITLE_DB_GOVERNOR_DEFENSE', ShortTitle = 'LOC_TITLE_DB_GOVERNOR_DEFENSE' WHERE GovernorType = 'GOVERNOR_THE_DEFENDER' ;
UPDATE Governors SET Name = 'LOC_NAME_DB_GOVERNOR_CULTURE', Description = 'LOC_DESC_DB_GOVERNOR_CULTURE', Title = 'LOC_TITLE_DB_GOVERNOR_CULTURE', ShortTitle = 'LOC_TITLE_DB_GOVERNOR_CULTURE' WHERE GovernorType = 'GOVERNOR_THE_AMBASSADOR' ;
UPDATE Governors SET Name = 'LOC_NAME_DB_GOVERNOR_RELIGION', Description = 'LOC_DESC_DB_GOVERNOR_RELIGION', Title = 'LOC_TITLE_DB_GOVERNOR_RELIGION', ShortTitle = 'LOC_TITLE_DB_GOVERNOR_RELIGION' WHERE GovernorType = 'GOVERNOR_THE_CARDINAL' ;
UPDATE Governors SET Name = 'LOC_NAME_DB_GOVERNOR_HARVEST', Description = 'LOC_DESC_DB_GOVERNOR_HARVEST', Title = 'LOC_TITLE_DB_GOVERNOR_HARVEST', ShortTitle = 'LOC_TITLE_DB_GOVERNOR_HARVEST' WHERE GovernorType = 'GOVERNOR_THE_RESOURCE_MANAGER' ;
UPDATE Governors SET Name = 'LOC_NAME_DB_GOVERNOR_BUILDERS', Description = 'LOC_DESC_DB_GOVERNOR_BUILDERS', Title = 'LOC_TITLE_DB_GOVERNOR_BUILDERS', ShortTitle = 'LOC_TITLE_DB_GOVERNOR_BUILDERS' WHERE GovernorType = 'GOVERNOR_THE_BUILDER' ;
UPDATE Governors SET Name = 'LOC_NAME_DB_GOVERNOR_SCIENCE', Description = 'LOC_DESC_DB_GOVERNOR_SCIENCE', Title = 'LOC_TITLE_DB_GOVERNOR_SCIENCE', ShortTitle = 'LOC_TITLE_DB_GOVERNOR_SCIENCE' WHERE GovernorType = 'GOVERNOR_THE_EDUCATOR' ;
UPDATE Governors SET Name = 'LOC_NAME_DB_GOVERNOR_GROWTH', Description = 'LOC_DESC_DB_GOVERNOR_GROWTH', Title = 'LOC_TITLE_DB_GOVERNOR_GROWTH', ShortTitle = 'LOC_TITLE_DB_GOVERNOR_GROWTH' WHERE GovernorType = 'GOVERNOR_THE_MERCHANT' ;
UPDATE Governors SET Name = 'LOC_NAME_DB_GOVERNOR_MILITARY', Description = 'LOC_DESC_DB_GOVERNOR_MILITARY', Title = 'LOC_TITLE_DB_GOVERNOR_MILITARY', ShortTitle = 'LOC_TITLE_DB_GOVERNOR_MILITARY', TransitionStrength = 50 WHERE GovernorType = 'GOVERNOR_IBRAHIM' ;



DELETE FROM GovernorPromotionSets WHERE GovernorType IN ('GOVERNOR_THE_DEFENDER', 'GOVERNOR_THE_AMBASSADOR', 'GOVERNOR_THE_CARDINAL', 'GOVERNOR_THE_RESOURCE_MANAGER', 'GOVERNOR_THE_BUILDER', 'GOVERNOR_THE_EDUCATOR', 'GOVERNOR_THE_MERCHANT', 'GOVERNOR_IBRAHIM') ;
INSERT INTO GovernorPromotionSets (GovernorType,	GovernorPromotion) VALUES
('GOVERNOR_THE_DEFENDER',							'DB_GOV_PROMOTION_BASE_DEFENSE'),
('GOVERNOR_THE_DEFENDER',							'GOVERNOR_PROMOTION_HEAD_FALCONER'),
('GOVERNOR_THE_DEFENDER',							'DB_GOV_PROMOTION_GARRISON_STRENGTH'),
('GOVERNOR_THE_DEFENDER',							'DB_GOV_PROMOTION_CITY_RANGED_STRIKE_STRENGTH'),
('GOVERNOR_THE_DEFENDER',							'DB_GOV_PROMOTION_CITY_RANGED_STRIKE_RANGE'),
('GOVERNOR_THE_DEFENDER',							'GOVERNOR_PROMOTION_AIR_DEFENSE_INITIATIVE'),

('GOVERNOR_THE_AMBASSADOR',							'DB_GOV_PROMOTION_BASE_CULTURE'),
('GOVERNOR_THE_AMBASSADOR',							'DB_GOV_PROMOTION_THEATER_SQUARE_ADJACENCY'),
('GOVERNOR_THE_AMBASSADOR',							'DB_GOV_PROMOTION_CULTURE_MULTIPLIER'),
('GOVERNOR_THE_AMBASSADOR',							'DB_GOV_PROMOTION_CULTURE_PER_CHARMING_TILE'),
('GOVERNOR_THE_AMBASSADOR',							'DB_GOV_PROMOTION_CULTURE_BOMB'),
('GOVERNOR_THE_AMBASSADOR',							'DB_GOV_PROMOTION_DIPLOMATIC_VISIBILITY'),

('GOVERNOR_THE_CARDINAL',							'DB_GOV_PROMOTION_BASE_RELIGION'),
('GOVERNOR_THE_CARDINAL',							'GOVERNOR_PROMOTION_MERCHANT_TAX_COLLECTOR'),
('GOVERNOR_THE_CARDINAL',							'GOVERNOR_PROMOTION_CARDINAL_BISHOP'),
('GOVERNOR_THE_CARDINAL',							'GOVERNOR_PROMOTION_CARDINAL_PATRON_SAINT'),
('GOVERNOR_THE_CARDINAL',							'GOVERNOR_PROMOTION_CARDINAL_GRAND_INQUISITOR'),
('GOVERNOR_THE_CARDINAL',							'GOVERNOR_PROMOTION_CARDINAL_LAYING_ON_OF_HANDS'),

('GOVERNOR_THE_RESOURCE_MANAGER',					'DB_GOV_PROMOTION_BASE_HARVEST'),
('GOVERNOR_THE_RESOURCE_MANAGER',					'DB_GOV_PROMOTION_PRODUCTION_MULTIPLIER_SETTLERS'),
('GOVERNOR_THE_RESOURCE_MANAGER',					'DB_GOV_PROMOTION_PRODUCTION_MULTIPLIER_BUILDING'),
('GOVERNOR_THE_RESOURCE_MANAGER',					'GOVERNOR_PROMOTION_ZONING_COMMISSIONER'),
('GOVERNOR_THE_RESOURCE_MANAGER',					'DB_GOV_PROMOTION_PRODUCTION_MULTIPLIER_WONDER'),
('GOVERNOR_THE_RESOURCE_MANAGER',					'GOVERNOR_PROMOTION_RESOURCE_MANAGER_GROUNDBREAKER'),

('GOVERNOR_THE_BUILDER',							'DB_GOV_PROMOTION_BASE_BUILDERS'),
('GOVERNOR_THE_BUILDER',							'DB_GOV_PROMOTION_BUILDER_MOVEMENT'),
('GOVERNOR_THE_BUILDER',							'GOVERNOR_PROMOTION_BUILDER_GUILDMASTER'),
('GOVERNOR_THE_BUILDER',							'GOVERNOR_PROMOTION_PARKS_RECREATION'),
('GOVERNOR_THE_BUILDER',							'GOVERNOR_PROMOTION_AQUACULTURE'),
('GOVERNOR_THE_BUILDER',							'DB_GOV_PROMOTION_EXTRA_DISTRICT'),

('GOVERNOR_THE_EDUCATOR',							'DB_GOV_PROMOTION_BASE_SCIENCE'),
('GOVERNOR_THE_EDUCATOR',							'DB_GOV_PROMOTION_CAMPUS_ADJACENCY'),
('GOVERNOR_THE_EDUCATOR',							'GOVERNOR_PROMOTION_EDUCATOR_LIBRARIAN'),
('GOVERNOR_THE_EDUCATOR',							'DB_GOV_PROMOTION_SCIENCE_ON_MINES'),
('GOVERNOR_THE_EDUCATOR',							'GOVERNOR_PROMOTION_EDUCATOR_GRANTS'),
('GOVERNOR_THE_EDUCATOR',							'GOVERNOR_PROMOTION_EDUCATOR_SPACE_INITIATIVE'),

('GOVERNOR_THE_MERCHANT',							'DB_GOV_PROMOTION_BASE_GROWTH'),
('GOVERNOR_THE_MERCHANT',							'GOVERNOR_PROMOTION_MERCHANT_LAND_ACQUISITION'),
('GOVERNOR_THE_MERCHANT',							'DB_GOV_PROMOTION_GROWTH_RATE'),
('GOVERNOR_THE_MERCHANT',							'DB_GOV_PROMOTION_CITY_HOUSING'),
('GOVERNOR_THE_MERCHANT',							'DB_GOV_PROMOTION_CITY_AMENITIES'),
('GOVERNOR_THE_MERCHANT',							'DB_GOV_PROMOTION_OUTGOING_TRADE'),

('GOVERNOR_IBRAHIM',								'DB_GOV_PROMOTION_BASE_MILITARY'),
('GOVERNOR_IBRAHIM',								'DB_GOV_PROMOTION_PUSHBACK'),
('GOVERNOR_IBRAHIM',								'DB_GOV_PROMOTION_DAMAGE_PENALTY'),
('GOVERNOR_IBRAHIM',								'DB_GOV_PROMOTION_SUPPORT_FLANKING'),
('GOVERNOR_IBRAHIM',								'DB_GOV_PROMOTION_HEAL_ON_KILL'),
('GOVERNOR_IBRAHIM',								'DB_GOV_PROMOTION_BATTLEFIELD_DECORATIONS')
;

INSERT INTO Types (Type,							Kind) VALUES
('DB_GOV_PROMOTION_BASE_DEFENSE',					'KIND_GOVERNOR_PROMOTION'),
('DB_GOV_PROMOTION_GARRISON_STRENGTH',				'KIND_GOVERNOR_PROMOTION'),
('DB_GOV_PROMOTION_CITY_RANGED_STRIKE_STRENGTH',	'KIND_GOVERNOR_PROMOTION'),
('DB_GOV_PROMOTION_CITY_RANGED_STRIKE_RANGE',		'KIND_GOVERNOR_PROMOTION'),

('DB_GOV_PROMOTION_BASE_CULTURE',					'KIND_GOVERNOR_PROMOTION'),
('DB_GOV_PROMOTION_THEATER_SQUARE_ADJACENCY',		'KIND_GOVERNOR_PROMOTION'),
('DB_GOV_PROMOTION_CULTURE_MULTIPLIER',				'KIND_GOVERNOR_PROMOTION'),
('DB_GOV_PROMOTION_CULTURE_PER_CHARMING_TILE',		'KIND_GOVERNOR_PROMOTION'),
('DB_GOV_PROMOTION_CULTURE_BOMB',					'KIND_GOVERNOR_PROMOTION'),
('DB_GOV_PROMOTION_DIPLOMATIC_VISIBILITY',			'KIND_GOVERNOR_PROMOTION'),

('DB_GOV_PROMOTION_BASE_RELIGION',					'KIND_GOVERNOR_PROMOTION'),

('DB_GOV_PROMOTION_BASE_HARVEST',					'KIND_GOVERNOR_PROMOTION'),
('DB_GOV_PROMOTION_PRODUCTION_MULTIPLIER_SETTLERS',	'KIND_GOVERNOR_PROMOTION'),
('DB_GOV_PROMOTION_PRODUCTION_MULTIPLIER_BUILDING',	'KIND_GOVERNOR_PROMOTION'),
('DB_GOV_PROMOTION_PRODUCTION_MULTIPLIER_WONDER',	'KIND_GOVERNOR_PROMOTION'),

('DB_GOV_PROMOTION_BASE_BUILDERS',					'KIND_GOVERNOR_PROMOTION'),
('DB_GOV_PROMOTION_BUILDER_MOVEMENT',				'KIND_GOVERNOR_PROMOTION'),
('DB_GOV_PROMOTION_EXTRA_DISTRICT',					'KIND_GOVERNOR_PROMOTION'),

('DB_GOV_PROMOTION_BASE_SCIENCE',					'KIND_GOVERNOR_PROMOTION'),
('DB_GOV_PROMOTION_CAMPUS_ADJACENCY',				'KIND_GOVERNOR_PROMOTION'),
('DB_GOV_PROMOTION_SCIENCE_ON_MINES',				'KIND_GOVERNOR_PROMOTION'),

('DB_GOV_PROMOTION_BASE_GROWTH',					'KIND_GOVERNOR_PROMOTION'),
('DB_GOV_PROMOTION_GROWTH_RATE',					'KIND_GOVERNOR_PROMOTION'),
('DB_GOV_PROMOTION_CITY_HOUSING',					'KIND_GOVERNOR_PROMOTION'),
('DB_GOV_PROMOTION_CITY_AMENITIES',					'KIND_GOVERNOR_PROMOTION'),
('DB_GOV_PROMOTION_OUTGOING_TRADE',					'KIND_GOVERNOR_PROMOTION'),

('DB_GOV_PROMOTION_BASE_MILITARY',					'KIND_GOVERNOR_PROMOTION'),
('DB_GOV_PROMOTION_PUSHBACK',						'KIND_GOVERNOR_PROMOTION'),
('DB_GOV_PROMOTION_BATTLEFIELD_DECORATIONS',		'KIND_GOVERNOR_PROMOTION'),
('DB_GOV_PROMOTION_DAMAGE_PENALTY',					'KIND_GOVERNOR_PROMOTION'),
('DB_GOV_PROMOTION_SUPPORT_FLANKING',				'KIND_GOVERNOR_PROMOTION'),
('DB_GOV_PROMOTION_HEAL_ON_KILL',					'KIND_GOVERNOR_PROMOTION')
;

UPDATE GovernorPromotions SET Level = 1, BaseAbility = 0 WHERE 
GovernorPromotionType IN (
'GOVERNOR_PROMOTION_HEAD_FALCONER',
'GOVERNOR_PROMOTION_AIR_DEFENSE_INITIATIVE',
'GOVERNOR_PROMOTION_MERCHANT_TAX_COLLECTOR',
'GOVERNOR_PROMOTION_CARDINAL_BISHOP',
'GOVERNOR_PROMOTION_CARDINAL_LAYING_ON_OF_HANDS',
'GOVERNOR_PROMOTION_CARDINAL_GRAND_INQUISITOR',
'GOVERNOR_PROMOTION_CARDINAL_PATRON_SAINT',
'GOVERNOR_PROMOTION_ZONING_COMMISSIONER',
'GOVERNOR_PROMOTION_RESOURCE_MANAGER_GROUNDBREAKER',
'GOVERNOR_PROMOTION_BUILDER_GUILDMASTER',
'GOVERNOR_PROMOTION_PARKS_RECREATION',
'GOVERNOR_PROMOTION_AQUACULTURE',
'GOVERNOR_PROMOTION_EDUCATOR_LIBRARIAN',
'GOVERNOR_PROMOTION_EDUCATOR_GRANTS',
'GOVERNOR_PROMOTION_EDUCATOR_SPACE_INITIATIVE',
'GOVERNOR_PROMOTION_MERCHANT_LAND_ACQUISITION')
;

INSERT INTO GovernorPromotions (GovernorPromotionType, Name,													Description,												Level, [Column],	BaseAbility) VALUES
('DB_GOV_PROMOTION_BASE_DEFENSE',					'LOC_NAME_DB_GOV_PROMOTION_BASE_DEFENSE',					'LOC_DESC_DB_GOV_PROMOTION_BASE_DEFENSE',					0,		1,			1),
('DB_GOV_PROMOTION_GARRISON_STRENGTH',				'LOC_NAME_DB_GOV_PROMOTION_GARRISON_STRENGTH',				'LOC_DESC_DB_GOV_PROMOTION_GARRISON_STRENGTH',				1,		0,			0),
('DB_GOV_PROMOTION_CITY_RANGED_STRIKE_STRENGTH',	'LOC_NAME_DB_GOV_PROMOTION_CITY_RANGED_STRIKE_STRENGTH',	'LOC_DESC_DB_GOV_PROMOTION_CITY_RANGED_STRIKE_STRENGTH',	1,		0,			0),
('DB_GOV_PROMOTION_CITY_RANGED_STRIKE_RANGE',		'LOC_NAME_DB_GOV_PROMOTION_CITY_RANGED_STRIKE_RANGE',		'LOC_DESC_DB_GOV_PROMOTION_CITY_RANGED_STRIKE_RANGE',		1,		0,			0),

('DB_GOV_PROMOTION_BASE_CULTURE',					'LOC_NAME_DB_GOV_PROMOTION_BASE_CULTURE',					'LOC_DESC_DB_GOV_PROMOTION_BASE_CULTURE',					0,		1,			1),
('DB_GOV_PROMOTION_THEATER_SQUARE_ADJACENCY',		'LOC_NAME_DB_GOV_PROMOTION_THEATER_SQUARE_ADJACENCY',		'LOC_DESC_DB_GOV_PROMOTION_THEATER_SQUARE_ADJACENCY',		1,		0,			0),
('DB_GOV_PROMOTION_CULTURE_MULTIPLIER',				'LOC_NAME_DB_GOV_PROMOTION_CULTURE_MULTIPLIER',				'LOC_DESC_DB_GOV_PROMOTION_CULTURE_MULTIPLIER',				1,		0,			0),
('DB_GOV_PROMOTION_CULTURE_PER_CHARMING_TILE',		'LOC_NAME_DB_GOV_PROMOTION_CULTURE_PER_CHARMING_TILE',		'LOC_DESC_DB_GOV_PROMOTION_CULTURE_PER_CHARMING_TILE',		1,		0,			0),
('DB_GOV_PROMOTION_CULTURE_BOMB',					'LOC_NAME_DB_GOV_PROMOTION_CULTURE_BOMB',					'LOC_DESC_DB_GOV_PROMOTION_CULTURE_BOMB',					1,		0,			0),
('DB_GOV_PROMOTION_DIPLOMATIC_VISIBILITY',			'LOC_NAME_DB_GOV_PROMOTION_DIPLOMATIC_VISIBILITY',			'LOC_DESC_DB_GOV_PROMOTION_DIPLOMATIC_VISIBILITY',			1,		0,			0),

('DB_GOV_PROMOTION_BASE_RELIGION',					'LOC_NAME_DB_GOV_PROMOTION_BASE_RELIGION',					'LOC_DESC_DB_GOV_PROMOTION_BASE_RELIGION',					0,		1,			1),

('DB_GOV_PROMOTION_BASE_HARVEST',					'LOC_NAME_DB_GOV_PROMOTION_BASE_HARVEST',					'LOC_DESC_DB_GOV_PROMOTION_BASE_HARVEST',					0,		1,			1),
('DB_GOV_PROMOTION_PRODUCTION_MULTIPLIER_SETTLERS',	'LOC_NAME_DB_GOV_PROMOTION_PRODUCTION_MULTIPLIER_SETTLERS',	'LOC_DESC_DB_GOV_PROMOTION_PRODUCTION_MULTIPLIER_SETTLERS',	1,		0,			0),
('DB_GOV_PROMOTION_PRODUCTION_MULTIPLIER_BUILDING',	'LOC_NAME_DB_GOV_PROMOTION_PRODUCTION_MULTIPLIER_BUILDING',	'LOC_DESC_DB_GOV_PROMOTION_PRODUCTION_MULTIPLIER_BUILDING',	1,		0,			0),
('DB_GOV_PROMOTION_PRODUCTION_MULTIPLIER_WONDER',	'LOC_NAME_DB_GOV_PROMOTION_PRODUCTION_MULTIPLIER_WONDER',	'LOC_DESC_DB_GOV_PROMOTION_PRODUCTION_MULTIPLIER_WONDER',	1,		0,			0),

('DB_GOV_PROMOTION_BASE_BUILDERS',					'LOC_NAME_DB_GOV_PROMOTION_BASE_BUILDERS',					'LOC_DESC_DB_GOV_PROMOTION_BASE_BUILDERS',					0,		1,			1),
('DB_GOV_PROMOTION_BUILDER_MOVEMENT',				'LOC_NAME_DB_GOV_PROMOTION_BUILDER_MOVEMENT',				'LOC_DESC_DB_GOV_PROMOTION_BUILDER_MOVEMENT',				1,		0,			0),
('DB_GOV_PROMOTION_EXTRA_DISTRICT',					'LOC_NAME_DB_GOV_PROMOTION_EXTRA_DISTRICT',					'LOC_DESC_DB_GOV_PROMOTION_EXTRA_DISTRICT',					1,		0,			0),

('DB_GOV_PROMOTION_BASE_SCIENCE',					'LOC_NAME_DB_GOV_PROMOTION_BASE_SCIENCE',					'LOC_DESC_DB_GOV_PROMOTION_BASE_SCIENCE',					0,		1,			1),
('DB_GOV_PROMOTION_CAMPUS_ADJACENCY',				'LOC_NAME_DB_GOV_PROMOTION_CAMPUS_ADJACENCY',				'LOC_DESC_DB_GOV_PROMOTION_CAMPUS_ADJACENCY',				1,		0,			0),
('DB_GOV_PROMOTION_SCIENCE_ON_MINES',				'LOC_NAME_DB_GOV_PROMOTION_SCIENCE_ON_MINES',				'LOC_DESC_DB_GOV_PROMOTION_SCIENCE_ON_MINES',				1,		0,			0),

('DB_GOV_PROMOTION_BASE_GROWTH',					'LOC_NAME_DB_GOV_PROMOTION_BASE_GROWTH',					'LOC_DESC_DB_GOV_PROMOTION_BASE_GROWTH',					0,		1,			1),
('DB_GOV_PROMOTION_GROWTH_RATE',					'LOC_NAME_DB_GOV_PROMOTION_GROWTH_RATE',					'LOC_DESC_DB_GOV_PROMOTION_GROWTH_RATE',					1,		0,			0),
('DB_GOV_PROMOTION_CITY_HOUSING',					'LOC_NAME_DB_GOV_PROMOTION_CITY_HOUSING',					'LOC_DESC_DB_GOV_PROMOTION_CITY_HOUSING',					1,		0,			0),
('DB_GOV_PROMOTION_CITY_AMENITIES',					'LOC_NAME_DB_GOV_PROMOTION_CITY_AMENITIES',					'LOC_DESC_DB_GOV_PROMOTION_CITY_AMENITIES',					1,		0,			0),
('DB_GOV_PROMOTION_OUTGOING_TRADE',					'LOC_NAME_DB_GOV_PROMOTION_OUTGOING_TRADE',					'LOC_DESC_DB_GOV_PROMOTION_OUTGOING_TRADE',					1,		0,			0),

('DB_GOV_PROMOTION_BASE_MILITARY',					'LOC_NAME_DB_GOV_PROMOTION_BASE_MILITARY',					'LOC_DESC_DB_GOV_PROMOTION_BASE_MILITARY',					0,		1,			1),
('DB_GOV_PROMOTION_PUSHBACK',						'LOC_NAME_DB_GOV_PROMOTION_PUSHBACK',						'LOC_DESC_DB_GOV_PROMOTION_PUSHBACK',						1,		0,			0),
('DB_GOV_PROMOTION_BATTLEFIELD_DECORATIONS',		'LOC_NAME_DB_GOV_PROMOTION_BATTLEFIELD_DECORATIONS',		'LOC_DESC_DB_GOV_PROMOTION_BATTLEFIELD_DECORATIONS',		1,		0,			0),
('DB_GOV_PROMOTION_DAMAGE_PENALTY',					'LOC_NAME_DB_GOV_PROMOTION_DAMAGE_PENALTY',					'LOC_DESC_DB_GOV_PROMOTION_DAMAGE_PENALTY',					1,		0,			0),
('DB_GOV_PROMOTION_SUPPORT_FLANKING',				'LOC_NAME_DB_GOV_PROMOTION_SUPPORT_FLANKING',				'LOC_DESC_DB_GOV_PROMOTION_SUPPORT_FLANKING',				1,		0,			0),
('DB_GOV_PROMOTION_HEAL_ON_KILL',					'LOC_NAME_DB_GOV_PROMOTION_HEAL_ON_KILL',					'LOC_DESC_DB_GOV_PROMOTION_HEAL_ON_KILL',					1,		0,			0)
;


UPDATE GovernorPromotions SET Level = 1, [Column] = 0 WHERE GovernorPromotionType = 'GOVERNOR_PROMOTION_HEAD_FALCONER' ;
UPDATE GovernorPromotions SET Level = 1, [Column] = 2 WHERE GovernorPromotionType = 'DB_GOV_PROMOTION_GARRISON_STRENGTH' ;
UPDATE GovernorPromotions SET Level = 2, [Column] = 0 WHERE GovernorPromotionType = 'DB_GOV_PROMOTION_CITY_RANGED_STRIKE_STRENGTH' ;
UPDATE GovernorPromotions SET Level = 2, [Column] = 2 WHERE GovernorPromotionType = 'DB_GOV_PROMOTION_CITY_RANGED_STRIKE_RANGE' ;
UPDATE GovernorPromotions SET Level = 3, [Column] = 1 WHERE GovernorPromotionType = 'GOVERNOR_PROMOTION_AIR_DEFENSE_INITIATIVE' ;

UPDATE GovernorPromotions SET Level = 1, [Column] = 0 WHERE GovernorPromotionType = 'DB_GOV_PROMOTION_THEATER_SQUARE_ADJACENCY' ;
UPDATE GovernorPromotions SET Level = 1, [Column] = 2 WHERE GovernorPromotionType = 'DB_GOV_PROMOTION_CULTURE_MULTIPLIER' ;
UPDATE GovernorPromotions SET Level = 2, [Column] = 0 WHERE GovernorPromotionType = 'DB_GOV_PROMOTION_CULTURE_PER_CHARMING_TILE' ;
UPDATE GovernorPromotions SET Level = 2, [Column] = 2 WHERE GovernorPromotionType = 'DB_GOV_PROMOTION_CULTURE_BOMB' ;
UPDATE GovernorPromotions SET Level = 3, [Column] = 1 WHERE GovernorPromotionType = 'DB_GOV_PROMOTION_DIPLOMATIC_VISIBILITY' ;

UPDATE GovernorPromotions SET Level = 1, [Column] = 0 WHERE GovernorPromotionType = 'GOVERNOR_PROMOTION_MERCHANT_TAX_COLLECTOR' ;
UPDATE GovernorPromotions SET Level = 1, [Column] = 2 WHERE GovernorPromotionType = 'GOVERNOR_PROMOTION_CARDINAL_BISHOP' ;
UPDATE GovernorPromotions SET Level = 2, [Column] = 0 WHERE GovernorPromotionType = 'GOVERNOR_PROMOTION_CARDINAL_LAYING_ON_OF_HANDS' ;
UPDATE GovernorPromotions SET Level = 2, [Column] = 2 WHERE GovernorPromotionType = 'GOVERNOR_PROMOTION_CARDINAL_GRAND_INQUISITOR' ;
UPDATE GovernorPromotions SET Level = 3, [Column] = 1 WHERE GovernorPromotionType = 'GOVERNOR_PROMOTION_CARDINAL_PATRON_SAINT' ;

UPDATE GovernorPromotions SET Level = 1, [Column] = 0 WHERE GovernorPromotionType = 'DB_GOV_PROMOTION_PRODUCTION_MULTIPLIER_SETTLERS' ;
UPDATE GovernorPromotions SET Level = 1, [Column] = 2 WHERE GovernorPromotionType = 'DB_GOV_PROMOTION_PRODUCTION_MULTIPLIER_BUILDING' ;
UPDATE GovernorPromotions SET Level = 2, [Column] = 0 WHERE GovernorPromotionType = 'GOVERNOR_PROMOTION_ZONING_COMMISSIONER' ;
UPDATE GovernorPromotions SET Level = 2, [Column] = 2 WHERE GovernorPromotionType = 'DB_GOV_PROMOTION_PRODUCTION_MULTIPLIER_WONDER' ;
UPDATE GovernorPromotions SET Level = 3, [Column] = 1 WHERE GovernorPromotionType = 'GOVERNOR_PROMOTION_RESOURCE_MANAGER_GROUNDBREAKER' ;

UPDATE GovernorPromotions SET Level = 1, [Column] = 0 WHERE GovernorPromotionType = 'DB_GOV_PROMOTION_BUILDER_MOVEMENT' ;
UPDATE GovernorPromotions SET Level = 1, [Column] = 2 WHERE GovernorPromotionType = 'GOVERNOR_PROMOTION_BUILDER_GUILDMASTER' ;
UPDATE GovernorPromotions SET Level = 2, [Column] = 0 WHERE GovernorPromotionType = 'GOVERNOR_PROMOTION_PARKS_RECREATION' ;
UPDATE GovernorPromotions SET Level = 2, [Column] = 2 WHERE GovernorPromotionType = 'GOVERNOR_PROMOTION_AQUACULTURE' ;
UPDATE GovernorPromotions SET Level = 3, [Column] = 1 WHERE GovernorPromotionType = 'DB_GOV_PROMOTION_EXTRA_DISTRICT' ;

UPDATE GovernorPromotions SET Level = 1, [Column] = 0 WHERE GovernorPromotionType = 'DB_GOV_PROMOTION_CAMPUS_ADJACENCY' ;
UPDATE GovernorPromotions SET Level = 1, [Column] = 2 WHERE GovernorPromotionType = 'GOVERNOR_PROMOTION_EDUCATOR_LIBRARIAN' ;
UPDATE GovernorPromotions SET Level = 2, [Column] = 0 WHERE GovernorPromotionType = 'DB_GOV_PROMOTION_SCIENCE_ON_MINES' ;
UPDATE GovernorPromotions SET Level = 2, [Column] = 2 WHERE GovernorPromotionType = 'GOVERNOR_PROMOTION_EDUCATOR_GRANTS' ;
UPDATE GovernorPromotions SET Level = 3, [Column] = 1 WHERE GovernorPromotionType = 'GOVERNOR_PROMOTION_EDUCATOR_SPACE_INITIATIVE' ;

UPDATE GovernorPromotions SET Level = 1, [Column] = 0 WHERE GovernorPromotionType = 'GOVERNOR_PROMOTION_MERCHANT_LAND_ACQUISITION' ;
UPDATE GovernorPromotions SET Level = 1, [Column] = 2 WHERE GovernorPromotionType = 'DB_GOV_PROMOTION_GROWTH_RATE' ;
UPDATE GovernorPromotions SET Level = 2, [Column] = 0 WHERE GovernorPromotionType = 'DB_GOV_PROMOTION_CITY_HOUSING' ;
UPDATE GovernorPromotions SET Level = 2, [Column] = 2 WHERE GovernorPromotionType = 'DB_GOV_PROMOTION_CITY_AMENITIES' ;
UPDATE GovernorPromotions SET Level = 3, [Column] = 1 WHERE GovernorPromotionType = 'DB_GOV_PROMOTION_OUTGOING_TRADE' ;

UPDATE GovernorPromotions SET Level = 1, [Column] = 0 WHERE GovernorPromotionType = 'DB_GOV_PROMOTION_PUSHBACK' ;
UPDATE GovernorPromotions SET Level = 1, [Column] = 2 WHERE GovernorPromotionType = 'DB_GOV_PROMOTION_DAMAGE_PENALTY' ;
UPDATE GovernorPromotions SET Level = 2, [Column] = 0 WHERE GovernorPromotionType = 'DB_GOV_PROMOTION_SUPPORT_FLANKING' ;
UPDATE GovernorPromotions SET Level = 2, [Column] = 2 WHERE GovernorPromotionType = 'DB_GOV_PROMOTION_HEAL_ON_KILL' ;
UPDATE GovernorPromotions SET Level = 3, [Column] = 1 WHERE GovernorPromotionType = 'DB_GOV_PROMOTION_BATTLEFIELD_DECORATIONS' ;


UPDATE ModifierArguments SET Value = '10' WHERE ModifierId = 'DEFENDER_ADJUST_CITY_DEFENSE_STRENGTH' AND Name = 'Amount' ;

DELETE FROM GovernorPromotionModifiers WHERE GovernorPromotionType = 'GOVERNOR_PROMOTION_CARDINAL_GRAND_INQUISITOR' ;

DELETE FROM GovernorPromotionModifiers WHERE GovernorPromotionType = 'GOVERNOR_PROMOTION_CARDINAL_BISHOP' AND ModifierId = 'CARDINAL_BISHOP_FAITH_DISTRICT' ;
UPDATE ModifierArguments SET Value = '200' WHERE ModifierId = 'CARDINAL_BISHOP_PRESSURE' AND Name = 'Amount' ;
UPDATE ModifierArguments SET Value = '4' WHERE ModifierId = 'TAX_COLLECTOR_ADJUST_CITIZEN_GPT' AND Name = 'Amount' ;

UPDATE ModifierArguments SET Value = '50' WHERE ModifierId = 'ZONING_COMMISSIONER_FASTER_DISTRICT_CONSTRUCTION' AND Name = 'Amount' ;

UPDATE ModifierArguments SET Value = '2' WHERE ModifierId = 'GUILDMASTER_ADDITIONAL_BUILDER_CHARGES_UNIT_MODIFIER' AND Name = 'Amount' ;
UPDATE Improvements SET PrereqTech = NULL, PrereqCivic = NULL WHERE ImprovementType IN ('IMPROVEMENT_FISHERY', 'IMPROVEMENT_CITY_PARK') ;
DELETE FROM ImprovementModifiers WHERE ImprovementType IN ('IMPROVEMENT_CITY_PARK', 'IMPROVEMENT_FISHERY') AND ModifierId IN ('CITY_PARK_GOVERNOR_CULTURE', 'FISHERY_GOVERNOR_PRODUCTION') ;

DELETE FROM GovernorPromotionModifiers WHERE GovernorPromotionType = 'GOVERNOR_PROMOTION_EDUCATOR_LIBRARIAN' AND ModifierId = 'LIBRARIAN_CULTURE_YIELD_BONUS' ;
UPDATE ModifierArguments SET Value = '50' WHERE ModifierId = 'LIBRARIAN_SCIENCE_YIELD_BONUS' AND Name = 'Amount' ;

DELETE FROM GovernorPromotionModifiers WHERE GovernorPromotionType = 'GOVERNOR_PROMOTION_MERCHANT_LAND_ACQUISITION' AND ModifierId = 'FOREIGN_EXCHANGE_GOLD_FROM_FOREIGN_TRADE_PASSING_THROUGH' ;
UPDATE ModifierArguments SET Value = '200' WHERE ModifierId = 'LAND_ACQUISITION_FASTER_PLOT_ANNEXING' AND Name = 'Amount' ;
UPDATE ModifierArguments SET Value = '25' WHERE ModifierId = 'SURPLUS_LOGISTICS_EXTRA_GROWTH' AND Name = 'Amount' ;


INSERT INTO GovernorPromotionModifiers (GovernorPromotionType, ModifierId) VALUES
('DB_GOV_PROMOTION_BASE_DEFENSE',					'DEFENSE_LOGISTICS_SIEGE_PROTECTION'),
('DB_GOV_PROMOTION_BASE_DEFENSE',					'STAR_FORT_PREVENT_MELEE_ATTACK_OUTER_DEFENSES'),
('DB_GOV_PROMOTION_BASE_DEFENSE',					'STAR_FORT_PREVENT_BYPASS_OUTER_DEFENSE'),
('DB_GOV_PROMOTION_GARRISON_STRENGTH',				'DEFENDER_ADJUST_CITY_DEFENSE_STRENGTH'),
('DB_GOV_PROMOTION_GARRISON_STRENGTH',				'DEFENSE_LOGISTICS_SIEGE_PROTECTION'),
('DB_GOV_PROMOTION_CITY_RANGED_STRIKE_STRENGTH',	'DB_MOD_GOV_PROMOTION_CITY_RANGED_STRIKE_STRENGTH'),
('DB_GOV_PROMOTION_CITY_RANGED_STRIKE_RANGE',		'DB_MOD_GOV_PROMOTION_CITY_RANGED_STRIKE_RANGE'),

('DB_GOV_PROMOTION_BASE_CULTURE',					'DB_MOD_GOV_PROMOTION_BASE_CULTURE'),
('DB_GOV_PROMOTION_THEATER_SQUARE_ADJACENCY',		'DB_MOD_GOV_PROMOTION_THEATER_SQUARE_ADJACENCY'),
('DB_GOV_PROMOTION_CULTURE_MULTIPLIER',				'DB_MOD_GOV_PROMOTION_CULTURE_MULTIPLIER'),
('DB_GOV_PROMOTION_CULTURE_PER_CHARMING_TILE',		'DB_MOD_GOV_PROMOTION_CULTURE_PER_CHARMING_TILE'),
('DB_GOV_PROMOTION_CULTURE_BOMB',					'DB_MOD_GOV_PROMOTION_CULTURE_BOMB'),
('DB_GOV_PROMOTION_DIPLOMATIC_VISIBILITY',			'DB_MOD_GOV_PROMOTION_DIPLOMATIC_VISIBILITY'),

('DB_GOV_PROMOTION_BASE_RELIGION',					'DB_MOD_GOV_PROMOTION_BASE_RELIGION'),
('GOVERNOR_PROMOTION_MERCHANT_TAX_COLLECTOR',		'DB_MOD_FAITH_PER_POPULATION'),
('GOVERNOR_PROMOTION_CARDINAL_BISHOP',				'CARDINAL_CITADEL_OF_GOD_PRESSURE'),
('GOVERNOR_PROMOTION_CARDINAL_GRAND_INQUISITOR',	'DB_MOD_INQUISITOR_SPREADS'),

('DB_GOV_PROMOTION_BASE_HARVEST',					'EXPEDITION_ADJUST_SETTLERS_CONSUME_POPULATION'),
('DB_GOV_PROMOTION_PRODUCTION_MULTIPLIER_SETTLERS',	'DB_MOD_GOV_PROMOTION_PRODUCTION_MULTIPLIER_SETTLERS'),
('DB_GOV_PROMOTION_PRODUCTION_MULTIPLIER_BUILDING',	'DB_MOD_GOV_PROMOTION_PRODUCTION_MULTIPLIER_BUILDING'),
('DB_GOV_PROMOTION_PRODUCTION_MULTIPLIER_WONDER',	'DB_MOD_GOV_PROMOTION_PRODUCTION_MULTIPLIER_WONDER'),

('DB_GOV_PROMOTION_BASE_BUILDERS',					'DB_MOD_GOV_PROMOTION_BASE_BUILDERS'),
('DB_GOV_PROMOTION_BUILDER_MOVEMENT',				'DB_MOD_GOV_PROMOTION_BUILDER_MOVEMENT'),
('DB_GOV_PROMOTION_EXTRA_DISTRICT',					'DB_MOD_GOV_PROMOTION_EXTRA_DISTRICT'),

('DB_GOV_PROMOTION_BASE_SCIENCE',					'DB_MOD_GOV_PROMOTION_BASE_SCIENCE'),
('DB_GOV_PROMOTION_CAMPUS_ADJACENCY',				'DB_MOD_GOV_PROMOTION_CAMPUS_ADJACENCY'),
('DB_GOV_PROMOTION_SCIENCE_ON_MINES',				'DB_MOD_GOV_PROMOTION_SCIENCE_ON_MINES_SCI'),
-- ('DB_GOV_PROMOTION_SCIENCE_ON_MINES',				'DB_MOD_GOV_PROMOTION_SCIENCE_ON_MINES_PROD'),

('DB_GOV_PROMOTION_BASE_GROWTH',					'DB_MOD_GOV_PROMOTION_BASE_GROWTH'), 
('DB_GOV_PROMOTION_GROWTH_RATE',					'SURPLUS_LOGISTICS_EXTRA_GROWTH'), 
('DB_GOV_PROMOTION_CITY_HOUSING',					'DB_MOD_GOV_PROMOTION_CITY_HOUSING'),
('DB_GOV_PROMOTION_CITY_AMENITIES',					'DB_MOD_GOV_PROMOTION_CITY_AMENITIES'),
('DB_GOV_PROMOTION_OUTGOING_TRADE',					'DB_MOD_GOV_PROMOTION_OUTGOING_TRADE_DOMESTIC'),
('DB_GOV_PROMOTION_OUTGOING_TRADE',					'DB_MOD_GOV_PROMOTION_OUTGOING_TRADE_INTERNATIONAL'),

('DB_GOV_PROMOTION_BASE_MILITARY',					'DB_MOD_GOV_PROMOTION_BASE_MILITARY'),
('DB_GOV_PROMOTION_BATTLEFIELD_DECORATIONS',		'DB_MOD_GOV_PROMOTION_BATTLEFIELD_DECORATIONS'),
('DB_GOV_PROMOTION_PUSHBACK',						'DB_MOD_GOV_PROMOTION_PUSHBACK'),
('DB_GOV_PROMOTION_DAMAGE_PENALTY',					'DB_MOD_GOV_PROMOTION_DAMAGE_PENALTY'),
('DB_GOV_PROMOTION_SUPPORT_FLANKING',				'DB_MOD_GOV_PROMOTION_SUPPORT_FLANKING'),
('DB_GOV_PROMOTION_HEAL_ON_KILL',					'DB_MOD_GOV_PROMOTION_HEAL_ON_KILL')
;

INSERT INTO Modifiers (ModifierId,						ModifierType,												SubjectRequirementSetId,		Permanent) VALUES 
('DB_MOD_GOV_PROMOTION_CITY_RANGED_STRIKE_STRENGTH',	'DB_DM_CITY_ADJUST_ATTACK_STRENGTH',						NULL,							0),
('DB_MOD_GOV_PROMOTION_CITY_RANGED_STRIKE_RANGE',		'DB_DM_CITY_DISTRICTS_ATTACH_MODIFIER',						NULL,							0),
('DB_MOD_GOV_PROMOTION_CITY_RANGED_STRIKE_RANGE2',		'DB_DM_CITY_ADJUST_ATTACK_RANGE',							'DB_REQSET_IS_CITY_CENTER',		0),

('DB_MOD_GOV_PROMOTION_BASE_CULTURE',					'MODIFIER_SINGLE_CITY_ADJUST_YIELD_CHANGE',					NULL,							0),
('DB_MOD_GOV_PROMOTION_THEATER_SQUARE_ADJACENCY',		'MODIFIER_CITY_DISTRICTS_ADJUST_YIELD_MODIFIER',			'DB_REQSET_IS_THEATER',			0),
('DB_MOD_GOV_PROMOTION_CULTURE_MULTIPLIER',				'MODIFIER_SINGLE_CITY_ADJUST_CITY_YIELD_MODIFIER',			NULL,							0),
('DB_MOD_GOV_PROMOTION_CULTURE_PER_CHARMING_TILE',		'MODIFIER_CITY_PLOT_YIELDS_ADJUST_PLOT_YIELD',				'PLOT_CHARMING_APPEAL',			0),
('DB_MOD_GOV_PROMOTION_CULTURE_BOMB',					'DB_DM_OWNER_PLAYER_ATTACHES_MODIFIER',						NULL,							0),
('DB_MOD_GOV_PROMOTION_CULTURE_BOMB2',					'MODIFIER_PLAYER_ADJUST_ALL_DISTRICTS_CULTURE_BOMB',		NULL,							0),
('DB_MOD_GOV_PROMOTION_DIPLOMATIC_VISIBILITY',			'MODIFIER_PLAYER_ADD_DIPLO_VISIBILITY',						NULL,							0),

('DB_MOD_GOV_PROMOTION_BASE_RELIGION',					'DB_DM_ADJUST_DISTRICT_GREATPERSON',						'DB_REQSET_IS_CITY_CENTER',		0),
('DB_MOD_FAITH_PER_POPULATION',							'DB_DM_CITY_ADJUST_YIELD_PER_POPULATION',					NULL,							0),
('DB_MOD_INQUISITOR_SPREADS',							'MODIFIER_SINGLE_CITY_RELIGIOUS_SPREADS',					'DB_REQSET_UNIT_IS_INQUISITOR',	1),

('DB_MOD_GOV_PROMOTION_PRODUCTION_MULTIPLIER_SETTLERS',	'MODIFIER_SINGLE_CITY_ADJUST_UNIT_PRODUCTION',				NULL,							0),
('DB_MOD_GOV_PROMOTION_PRODUCTION_MULTIPLIER_BUILDING',	'MODIFIER_SINGLE_CITY_ADJUST_BUILDING_PRODUCTION_MODIFIER',	NULL,							0),
('DB_MOD_GOV_PROMOTION_PRODUCTION_MULTIPLIER_WONDER',	'MODIFIER_SINGLE_CITY_ADJUST_WONDER_PRODUCTION',			NULL,							0),

('DB_MOD_GOV_PROMOTION_BASE_BUILDERS',					'MODIFIER_SINGLE_CITY_ADJUST_UNIT_PRODUCTION',				NULL,							0),
('DB_MOD_GOV_PROMOTION_BUILDER_MOVEMENT',				'MODIFIER_SINGLE_CITY_GRANT_ABILITY_FOR_TRAINED_UNITS',		NULL,							1),
('DB_MOD_GOV_PROMOTION_EXTRA_DISTRICT',					'MODIFIER_SINGLE_CITY_EXTRA_DISTRICT',						NULL,							0),

('DB_MOD_GOV_PROMOTION_BASE_SCIENCE',					'MODIFIER_SINGLE_CITY_ADJUST_YIELD_CHANGE',					NULL,							0),
('DB_MOD_GOV_PROMOTION_CAMPUS_ADJACENCY',				'MODIFIER_CITY_DISTRICTS_ADJUST_YIELD_MODIFIER',			'DB_REQSET_IS_CAMPUS',			0),
('DB_MOD_GOV_PROMOTION_SCIENCE_ON_MINES_SCI',			'MODIFIER_CITY_PLOT_YIELDS_ADJUST_PLOT_YIELD',				'DB_REQSET_HAS_MINE',			0),
-- ('DB_MOD_GOV_PROMOTION_SCIENCE_ON_MINES_PROD',			'MODIFIER_CITY_PLOT_YIELDS_ADJUST_PLOT_YIELD',				'DB_REQSET_HAS_MINE',			0),

('DB_MOD_GOV_PROMOTION_BASE_GROWTH',					'MODIFIER_SINGLE_CITY_ADJUST_YIELD_CHANGE',					NULL,							0),
('DB_MOD_GOV_PROMOTION_CITY_HOUSING',					'DB_DM_ADJUST_DISTRICT_HOUSING',							'DB_REQSET_IS_CITY_CENTER',		0),
('DB_MOD_GOV_PROMOTION_CITY_AMENITIES',					'DB_DM_ADJUST_DISTRICT_AMENITIES',							'DB_REQSET_IS_CITY_CENTER',		0),
('DB_MOD_GOV_PROMOTION_OUTGOING_TRADE_DOMESTIC',		'MODIFIER_SINGLE_CITY_ADJUST_TRADE_ROUTE_YIELD_FOR_DOMESTIC', NULL,							0),
('DB_MOD_GOV_PROMOTION_OUTGOING_TRADE_INTERNATIONAL',	'MODIFIER_SINGLE_CITY_ADJUST_TRADE_ROUTE_YIELD_FOR_INTERNATIONAL', NULL,					0),

('DB_MOD_GOV_PROMOTION_BASE_MILITARY',					'MODIFIER_CITY_TRAINED_UNITS_ADJUST_GRANT_EXPERIENCE',		NULL,							0),
('DB_MOD_GOV_PROMOTION_BATTLEFIELD_DECORATIONS',		'MODIFIER_SINGLE_CITY_GRANT_ABILITY_FOR_TRAINED_UNITS',		NULL,							0),
('DB_MOD_GOV_PROMOTION_PUSHBACK',						'MODIFIER_SINGLE_CITY_GRANT_ABILITY_FOR_TRAINED_UNITS',		NULL,							1),
('DB_MOD_GOV_PROMOTION_DAMAGE_PENALTY',					'MODIFIER_SINGLE_CITY_GRANT_ABILITY_FOR_TRAINED_UNITS',		NULL,							1),
('DB_MOD_GOV_PROMOTION_SUPPORT_FLANKING',				'MODIFIER_SINGLE_CITY_GRANT_ABILITY_FOR_TRAINED_UNITS',		NULL,							1),
('DB_MOD_GOV_PROMOTION_HEAL_ON_KILL',					'MODIFIER_SINGLE_CITY_GRANT_ABILITY_FOR_TRAINED_UNITS',		NULL,							1)
;

INSERT INTO ModifierArguments (ModifierId,				Name,					Value) VALUES
('DB_MOD_GOV_PROMOTION_CITY_RANGED_STRIKE_STRENGTH',	'Amount',				5),
('DB_MOD_GOV_PROMOTION_CITY_RANGED_STRIKE_RANGE',		'ModifierId',			'DB_MOD_GOV_PROMOTION_CITY_RANGED_STRIKE_RANGE2'),
('DB_MOD_GOV_PROMOTION_CITY_RANGED_STRIKE_RANGE2',		'Amount',				1),

('DB_MOD_GOV_PROMOTION_BASE_CULTURE',					'YieldType',			'YIELD_CULTURE'),
('DB_MOD_GOV_PROMOTION_BASE_CULTURE',					'Amount',				3),
('DB_MOD_GOV_PROMOTION_THEATER_SQUARE_ADJACENCY',		'YieldType',			'YIELD_CULTURE'),
('DB_MOD_GOV_PROMOTION_THEATER_SQUARE_ADJACENCY',		'Amount',				100),
('DB_MOD_GOV_PROMOTION_CULTURE_MULTIPLIER',				'YieldType',			'YIELD_CULTURE'),
('DB_MOD_GOV_PROMOTION_CULTURE_MULTIPLIER',				'Amount',				50),
('DB_MOD_GOV_PROMOTION_CULTURE_PER_CHARMING_TILE',		'Amount',				1),
('DB_MOD_GOV_PROMOTION_CULTURE_PER_CHARMING_TILE',		'YieldType',			'YIELD_CULTURE'),
('DB_MOD_GOV_PROMOTION_CULTURE_BOMB',					'ModifierId',			'DB_MOD_GOV_PROMOTION_CULTURE_BOMB2'),
('DB_MOD_GOV_PROMOTION_DIPLOMATIC_VISIBILITY',			'Amount',				1),
('DB_MOD_GOV_PROMOTION_DIPLOMATIC_VISIBILITY',			'Source',				'SOURCE_TRAIT'),
('DB_MOD_GOV_PROMOTION_DIPLOMATIC_VISIBILITY',			'SourceType',			'DIPLO_SOURCE_FEMALE_ONLY'),

('DB_MOD_GOV_PROMOTION_BASE_RELIGION',					'GreatPersonClassType',	'GREAT_PERSON_CLASS_PROPHET'),
('DB_MOD_GOV_PROMOTION_BASE_RELIGION',					'Amount',				2),
('DB_MOD_FAITH_PER_POPULATION',							'YieldType',			'YIELD_FAITH'),
('DB_MOD_FAITH_PER_POPULATION',							'Amount',				2),
('DB_MOD_INQUISITOR_SPREADS',							'Amount',				2),

('DB_MOD_GOV_PROMOTION_EXTRA_DISTRICT',					'Amount',				1),
('DB_MOD_GOV_PROMOTION_PRODUCTION_MULTIPLIER_SETTLERS',	'Amount',				50),
('DB_MOD_GOV_PROMOTION_PRODUCTION_MULTIPLIER_SETTLERS',	'UnitType',				'UNIT_SETTLER'),
('DB_MOD_GOV_PROMOTION_PRODUCTION_MULTIPLIER_BUILDING',	'Amount',				50),
('DB_MOD_GOV_PROMOTION_PRODUCTION_MULTIPLIER_BUILDING',	'IsWonder',				0),
('DB_MOD_GOV_PROMOTION_PRODUCTION_MULTIPLIER_WONDER',	'Amount',				50),

('DB_MOD_GOV_PROMOTION_BASE_BUILDERS',					'UnitType',				'UNIT_BUILDER'),
('DB_MOD_GOV_PROMOTION_BASE_BUILDERS',					'Amount',				100),
('DB_MOD_GOV_PROMOTION_BUILDER_MOVEMENT',				'AbilityType',			'DB_ABILITY_GOV_PROMOTION_BUILDER_MOVEMENT'),

('DB_MOD_GOV_PROMOTION_BASE_SCIENCE',					'YieldType',			'YIELD_SCIENCE'),
('DB_MOD_GOV_PROMOTION_BASE_SCIENCE',					'Amount',				3),
('DB_MOD_GOV_PROMOTION_CAMPUS_ADJACENCY',				'YieldType',			'YIELD_SCIENCE'),
('DB_MOD_GOV_PROMOTION_CAMPUS_ADJACENCY',				'Amount',				100),
('DB_MOD_GOV_PROMOTION_SCIENCE_ON_MINES_SCI',			'YieldType',			'YIELD_SCIENCE'),
('DB_MOD_GOV_PROMOTION_SCIENCE_ON_MINES_SCI',			'Amount',				2),
/*
('DB_MOD_GOV_PROMOTION_SCIENCE_ON_MINES_PROD',			'YieldType',			'YIELD_PRODUCTION'),
('DB_MOD_GOV_PROMOTION_SCIENCE_ON_MINES_PROD',			'Amount',				-1),
*/

('DB_MOD_GOV_PROMOTION_BASE_GROWTH',					'YieldType',			'YIELD_FOOD'),
('DB_MOD_GOV_PROMOTION_BASE_GROWTH',					'Amount',				4),
('DB_MOD_GOV_PROMOTION_CITY_HOUSING',					'Amount',				10),
('DB_MOD_GOV_PROMOTION_CITY_AMENITIES',					'Amount',				5),
('DB_MOD_GOV_PROMOTION_OUTGOING_TRADE_DOMESTIC',		'YieldType',			'YIELD_FOOD'),
('DB_MOD_GOV_PROMOTION_OUTGOING_TRADE_DOMESTIC',		'Amount',				2),
('DB_MOD_GOV_PROMOTION_OUTGOING_TRADE_INTERNATIONAL',	'YieldType',			'YIELD_FOOD'),
('DB_MOD_GOV_PROMOTION_OUTGOING_TRADE_INTERNATIONAL',	'Amount',				2),


('DB_MOD_GOV_PROMOTION_BASE_MILITARY',					'Amount',				-1),
('DB_MOD_GOV_PROMOTION_BATTLEFIELD_DECORATIONS',		'AbilityType',			'DB_ABILITY_GOV_PROMOTION_BATTLEFIELD_DECORATIONS'),
('DB_MOD_GOV_PROMOTION_PUSHBACK',						'AbilityType',			'DB_ABILITY_GOV_PROMOTION_PUSHBACK'),
('DB_MOD_GOV_PROMOTION_DAMAGE_PENALTY',					'AbilityType',			'DB_ABILITY_GOV_PROMOTION_DAMAGE_PENALTY'),
('DB_MOD_GOV_PROMOTION_SUPPORT_FLANKING',				'AbilityType',			'DB_ABILITY_GOV_PROMOTION_SUPPORT_FLANKING'),
('DB_MOD_GOV_PROMOTION_HEAL_ON_KILL',					'AbilityType',			'DB_ABILITY_GOV_PROMOTION_HEAL_ON_KILL')
;

INSERT INTO Types (Type,								Kind) VALUES 
('DB_ABILITY_GOV_PROMOTION_BUILDER_MOVEMENT',			'KIND_ABILITY'),
('DB_ABILITY_GOV_PROMOTION_BATTLEFIELD_DECORATIONS',	'KIND_ABILITY'),
('DB_ABILITY_GOV_PROMOTION_PUSHBACK',					'KIND_ABILITY'),
('DB_ABILITY_GOV_PROMOTION_DAMAGE_PENALTY',				'KIND_ABILITY'),
('DB_ABILITY_GOV_PROMOTION_SUPPORT_FLANKING',			'KIND_ABILITY'),
('DB_ABILITY_GOV_PROMOTION_HEAL_ON_KILL',				'KIND_ABILITY')
; 

INSERT INTO TypeTags (Type,								Tag) VALUES 
('DB_ABILITY_GOV_PROMOTION_BUILDER_MOVEMENT',			'DB_CLASS_UNIT_BUILDER'),
('DB_ABILITY_GOV_PROMOTION_BATTLEFIELD_DECORATIONS',	'DB_CLASS_ALL_COMBAT'),
('DB_ABILITY_GOV_PROMOTION_PUSHBACK',					'DB_CLASS_MELEE_ATTACKER'),
('DB_ABILITY_GOV_PROMOTION_DAMAGE_PENALTY',				'DB_CLASS_ALL_COMBAT'),
('DB_ABILITY_GOV_PROMOTION_SUPPORT_FLANKING',			'DB_CLASS_ALL_COMBAT'),
('DB_ABILITY_GOV_PROMOTION_HEAL_ON_KILL',				'DB_CLASS_ALL_COMBAT')
;

INSERT INTO UnitAbilities (UnitAbilityType,				Name, Description, Inactive) VALUES 
('DB_ABILITY_GOV_PROMOTION_BUILDER_MOVEMENT',			'LOC_NAME_DB_ABILITY_GOV_PROMOTION_BUILDER_MOVEMENT',			'LOC_DESC_DB_ABILITY_GOV_PROMOTION_BUILDER_MOVEMENT', 1),
('DB_ABILITY_GOV_PROMOTION_BATTLEFIELD_DECORATIONS',	'LOC_NAME_DB_ABILITY_GOV_PROMOTION_BATTLEFIELD_DECORATIONS',	'LOC_DESC_DB_ABILITY_GOV_PROMOTION_BATTLEFIELD_DECORATIONS', 1),
('DB_ABILITY_GOV_PROMOTION_PUSHBACK',					'LOC_NAME_DB_ABILITY_GOV_PROMOTION_PUSHBACK',					'LOC_DESC_DB_ABILITY_GOV_PROMOTION_PUSHBACK', 1),
('DB_ABILITY_GOV_PROMOTION_DAMAGE_PENALTY',				'LOC_NAME_DB_ABILITY_GOV_PROMOTION_DAMAGE_PENALTY',				'LOC_DESC_DB_ABILITY_GOV_PROMOTION_DAMAGE_PENALTY', 1),
('DB_ABILITY_GOV_PROMOTION_SUPPORT_FLANKING',			'LOC_NAME_DB_ABILITY_GOV_PROMOTION_SUPPORT_FLANKING',			'LOC_DESC_DB_ABILITY_GOV_PROMOTION_SUPPORT_FLANKING', 1),
('DB_ABILITY_GOV_PROMOTION_HEAL_ON_KILL',				'LOC_NAME_DB_ABILITY_GOV_PROMOTION_HEAL_ON_KILL',				'LOC_DESC_DB_ABILITY_GOV_PROMOTION_HEAL_ON_KILL', 1)
;

INSERT INTO UnitAbilityModifiers (UnitAbilityType,			ModifierId) VALUES 
('DB_ABILITY_GOV_PROMOTION_BUILDER_MOVEMENT',				'DB_MOD_+2_MOVEMENT'),
('DB_ABILITY_GOV_PROMOTION_BATTLEFIELD_DECORATIONS',		'DB_MOD_PROMOTE_NO_END_TURN'),
('DB_ABILITY_GOV_PROMOTION_PUSHBACK',						'DB_MOD_PUSHBACK'),
('DB_ABILITY_GOV_PROMOTION_DAMAGE_PENALTY',					'DB_MOD_IRON_NERVES'),
('DB_ABILITY_GOV_PROMOTION_SUPPORT_FLANKING',				'DB_MOD_DOUBLE_FLANKING'),
('DB_ABILITY_GOV_PROMOTION_SUPPORT_FLANKING',				'DB_MOD_DOUBLE_SUPPORT'),
('DB_ABILITY_GOV_PROMOTION_HEAL_ON_KILL',					'DB_MOD_HEAL_20_ON_KILL')
;

DELETE FROM GovernorPromotionPrereqs WHERE 
GovernorPromotionType IN (
'GOVERNOR_PROMOTION_HEAD_FALCONER',
'GOVERNOR_PROMOTION_AIR_DEFENSE_INITIATIVE',
'GOVERNOR_PROMOTION_MERCHANT_TAX_COLLECTOR',
'GOVERNOR_PROMOTION_CARDINAL_BISHOP',
'GOVERNOR_PROMOTION_CARDINAL_LAYING_ON_OF_HANDS',
'GOVERNOR_PROMOTION_CARDINAL_GRAND_INQUISITOR',
'GOVERNOR_PROMOTION_CARDINAL_PATRON_SAINT',
'GOVERNOR_PROMOTION_ZONING_COMMISSIONER',
'GOVERNOR_PROMOTION_RESOURCE_MANAGER_GROUNDBREAKER',
'GOVERNOR_PROMOTION_BUILDER_GUILDMASTER',
'GOVERNOR_PROMOTION_PARKS_RECREATION',
'GOVERNOR_PROMOTION_AQUACULTURE',
'GOVERNOR_PROMOTION_EDUCATOR_LIBRARIAN',
'GOVERNOR_PROMOTION_EDUCATOR_GRANTS',
'GOVERNOR_PROMOTION_EDUCATOR_SPACE_INITIATIVE',
'GOVERNOR_PROMOTION_MERCHANT_LAND_ACQUISITION')
;

INSERT INTO GovernorPromotionPrereqs (GovernorPromotionType, PrereqGovernorPromotion)
SELECT GovernorPromotion, CASE 
WHEN GovernorType = 'GOVERNOR_THE_DEFENDER' THEN 'DB_GOV_PROMOTION_BASE_DEFENSE'
WHEN GovernorType = 'GOVERNOR_THE_AMBASSADOR' THEN 'DB_GOV_PROMOTION_BASE_CULTURE'
WHEN GovernorType = 'GOVERNOR_THE_CARDINAL' THEN 'DB_GOV_PROMOTION_BASE_RELIGION'
WHEN GovernorType = 'GOVERNOR_THE_RESOURCE_MANAGER' THEN 'DB_GOV_PROMOTION_BASE_HARVEST'
WHEN GovernorType = 'GOVERNOR_THE_BUILDER' THEN 'DB_GOV_PROMOTION_BASE_BUILDERS'
WHEN GovernorType = 'GOVERNOR_THE_EDUCATOR' THEN 'DB_GOV_PROMOTION_BASE_SCIENCE'
WHEN GovernorType = 'GOVERNOR_THE_MERCHANT' THEN 'DB_GOV_PROMOTION_BASE_GROWTH'
WHEN GovernorType = 'GOVERNOR_IBRAHIM' THEN 'DB_GOV_PROMOTION_BASE_MILITARY'
END AS Prereq
FROM GovernorPromotionSets WHERE 
GovernorPromotion NOT LIKE 'DB_GOV_PROMOTION_BASE%' AND 
GovernorType IN (
'GOVERNOR_THE_DEFENDER',
'GOVERNOR_THE_AMBASSADOR',
'GOVERNOR_THE_CARDINAL',
'GOVERNOR_THE_RESOURCE_MANAGER',
'GOVERNOR_THE_BUILDER',
'GOVERNOR_THE_EDUCATOR',
'GOVERNOR_THE_MERCHANT',
'GOVERNOR_IBRAHIM')
;