INSERT INTO Requirements
(RequirementId,				RequirementType,										Inverse)
VALUES
('ERU_REQ_NOT_NEXTTO_BOAT', 'REQUIREMENT_PLOT_ADJACENT_FRIENDLY_UNIT_TAG_MATCHES',	1) ;

INSERT INTO RequirementArguments
(RequirementId,				Name,	Value)
VALUES
('ERU_REQ_NOT_NEXTTO_BOAT',	'Tag',	'DB_CLASS_NAVAL_COMBAT') ;

INSERT INTO RequirementSets
(RequirementSetId,						RequirementSetType)
VALUES
('ERU_REQSET_NOT_NEXTTO_BOAT',			'REQUIREMENTSET_TEST_ALL'),
('ERU_REQSET_EMBARKED_NOT_NEXTTO_BOAT',	'REQUIREMENTSET_TEST_ALL') ;

INSERT INTO RequirementSetRequirements
(RequirementSetId,						RequirementId)
VALUES
('ERU_REQSET_NOT_NEXTTO_BOAT',			'REQUIRES_PLAYER_IS_HUMAN'),
('ERU_REQSET_NOT_NEXTTO_BOAT',			'ERU_REQ_NOT_NEXTTO_BOAT'),

('ERU_REQSET_EMBARKED_NOT_NEXTTO_BOAT',	'REQUIRES_PLAYER_IS_HUMAN'),
('ERU_REQSET_EMBARKED_NOT_NEXTTO_BOAT',	'ERU_REQ_NOT_NEXTTO_BOAT'),
('ERU_REQSET_EMBARKED_NOT_NEXTTO_BOAT',	'REQUIRES_UNIT_IS_EMBARKED') ;



INSERT INTO Types 
(Type,									Kind) 
VALUES
('ERU_ABILITY_RELIGIOUS_CANT_EMBARK',	'KIND_ABILITY'),
('ERU_ABILITY_ABANDONED',				'KIND_ABILITY') ;

INSERT INTO TypeTags
(Type,									Tag)
VALUES
('ERU_ABILITY_RELIGIOUS_CANT_EMBARK',	'CLASS_RELIGIOUS_ALL'),
('ERU_ABILITY_ABANDONED',				'CLASS_RELIGIOUS_ALL') ;

INSERT INTO UnitAbilities
(UnitAbilityType,						Name,											Description)
VALUES	
('ERU_ABILITY_RELIGIOUS_CANT_EMBARK',	'LOC_ERU_ABILITY_RELIGIOUS_CANT_EMBARK_NAME',	'LOC_ERU_ABILITY_RELIGIOUS_CANT_EMBARK_DESC'),
('ERU_ABILITY_ABANDONED',				'LOC_ERU_ABILITY_ABANDONED_NAME',				'LOC_ERU_ABILITY_ABANDONED_DESC') ;

INSERT INTO UnitAbilityModifiers
(UnitAbilityType,						ModifierId)
VALUES	
('ERU_ABILITY_RELIGIOUS_CANT_EMBARK',	'ERU_MODIFIER_RELIGIOUS_CANT_EMBARK_COAST'),
('ERU_ABILITY_RELIGIOUS_CANT_EMBARK',	'ERU_MODIFIER_RELIGIOUS_CANT_EMBARK_OCEAN'),
('ERU_ABILITY_ABANDONED',				'ERU_MODIFIER_EMBARKED_RELIGIOUS_INVISIBLE') ;



INSERT OR IGNORE INTO Types 
(Type,									Kind) 
VALUES 
('ERU_DM_UNIT_ADJUST_VALID_TERRAIN',	'KIND_MODIFIER'),
('ERU_DM_UNIT_ADJUST_VISIBILITY',		'KIND_MODIFIER') ;

INSERT OR IGNORE INTO DynamicModifiers 
(ModifierType,							CollectionType,		EffectType) 
VALUES 
('ERU_DM_UNIT_ADJUST_VALID_TERRAIN',	'COLLECTION_OWNER', 'EFFECT_ADJUST_UNIT_VALID_TERRAIN'),
('ERU_DM_UNIT_ADJUST_VISIBILITY',		'COLLECTION_OWNER', 'EFFECT_ADJUST_UNIT_HIDDEN_VISIBILITY') ;


INSERT INTO Modifiers
(ModifierId,									ModifierType,						SubjectRequirementSetId)
VALUES	
('ERU_MODIFIER_RELIGIOUS_CANT_EMBARK_COAST',	'ERU_DM_UNIT_ADJUST_VALID_TERRAIN',	'ERU_REQSET_NOT_NEXTTO_BOAT'),
('ERU_MODIFIER_RELIGIOUS_CANT_EMBARK_OCEAN',	'ERU_DM_UNIT_ADJUST_VALID_TERRAIN',	'ERU_REQSET_NOT_NEXTTO_BOAT'),
('ERU_MODIFIER_EMBARKED_RELIGIOUS_INVISIBLE',	'ERU_DM_UNIT_ADJUST_VISIBILITY',	'ERU_REQSET_EMBARKED_NOT_NEXTTO_BOAT') ;

INSERT INTO ModifierArguments
(ModifierId,									Name,		Value)
VALUES
('ERU_MODIFIER_RELIGIOUS_CANT_EMBARK_COAST',	'TerrainType',	'TERRAIN_COAST'),
('ERU_MODIFIER_RELIGIOUS_CANT_EMBARK_COAST',	'Valid',		0),
('ERU_MODIFIER_RELIGIOUS_CANT_EMBARK_OCEAN',	'TerrainType',	'TERRAIN_OCEAN'),
('ERU_MODIFIER_RELIGIOUS_CANT_EMBARK_OCEAN',	'Valid',		0),
('ERU_MODIFIER_EMBARKED_RELIGIOUS_INVISIBLE',	'Hidden',		1) ;
