-- Revealing Resources
INSERT INTO GameModifiers
(ModifierId)
VALUES 
('DB_RSR_REVEAL_HORSES_PLAYERS_ATTACH_MODIFIER'),
('DB_RSR_REVEAL_IRON_PLAYERS_ATTACH_MODIFIER'),
('DB_RSR_REVEAL_NITER_PLAYERS_ATTACH_MODIFIER'),
('DB_RSR_REVEAL_COAL_PLAYERS_ATTACH_MODIFIER'),
('DB_RSR_REVEAL_OIL_PLAYERS_ATTACH_MODIFIER'),
('DB_RSR_REVEAL_ALUMINUM_PLAYERS_ATTACH_MODIFIER'),
('DB_RSR_REVEAL_URANIUM_PLAYERS_ATTACH_MODIFIER') ;

INSERT INTO Modifiers 
(ModifierId,										ModifierType)
VALUES
('DB_RSR_REVEAL_HORSES_PLAYERS_ATTACH_MODIFIER',	'MODIFIER_ALL_PLAYERS_ATTACH_MODIFIER'),
('DB_RSR_REVEAL_IRON_PLAYERS_ATTACH_MODIFIER',		'MODIFIER_ALL_PLAYERS_ATTACH_MODIFIER'),
('DB_RSR_REVEAL_NITER_PLAYERS_ATTACH_MODIFIER',		'MODIFIER_ALL_PLAYERS_ATTACH_MODIFIER'),
('DB_RSR_REVEAL_COAL_PLAYERS_ATTACH_MODIFIER',		'MODIFIER_ALL_PLAYERS_ATTACH_MODIFIER'),
('DB_RSR_REVEAL_OIL_PLAYERS_ATTACH_MODIFIER',		'MODIFIER_ALL_PLAYERS_ATTACH_MODIFIER'),
('DB_RSR_REVEAL_ALUMINUM_PLAYERS_ATTACH_MODIFIER',	'MODIFIER_ALL_PLAYERS_ATTACH_MODIFIER'),
('DB_RSR_REVEAL_URANIUM_PLAYERS_ATTACH_MODIFIER',	'MODIFIER_ALL_PLAYERS_ATTACH_MODIFIER') ;

INSERT INTO ModifierArguments
(ModifierId,										Name,			Value) 
VALUES
('DB_RSR_REVEAL_HORSES_PLAYERS_ATTACH_MODIFIER',	'ModifierId',	'DB_RSR_REVEAL_HORSES'),
('DB_RSR_REVEAL_IRON_PLAYERS_ATTACH_MODIFIER',		'ModifierId',	'DB_RSR_REVEAL_IRON'),
('DB_RSR_REVEAL_NITER_PLAYERS_ATTACH_MODIFIER',		'ModifierId',	'DB_RSR_REVEAL_NITER'),
('DB_RSR_REVEAL_COAL_PLAYERS_ATTACH_MODIFIER',		'ModifierId',	'DB_RSR_REVEAL_COAL'),
('DB_RSR_REVEAL_OIL_PLAYERS_ATTACH_MODIFIER',		'ModifierId',	'DB_RSR_REVEAL_OIL'),
('DB_RSR_REVEAL_ALUMINUM_PLAYERS_ATTACH_MODIFIER',	'ModifierId',	'DB_RSR_REVEAL_ALUMINUM'),
('DB_RSR_REVEAL_URANIUM_PLAYERS_ATTACH_MODIFIER',	'ModifierId',	'DB_RSR_REVEAL_URANIUM') ;

INSERT INTO Modifiers 
(ModifierId,				ModifierType) 
VALUES
('DB_RSR_REVEAL_HORSES',	'MODIFIER_PLAYER_GRANT_FREE_RESOURCE_VISIBILITY'),
('DB_RSR_REVEAL_IRON',		'MODIFIER_PLAYER_GRANT_FREE_RESOURCE_VISIBILITY'),
('DB_RSR_REVEAL_NITER',		'MODIFIER_PLAYER_GRANT_FREE_RESOURCE_VISIBILITY'),
('DB_RSR_REVEAL_COAL',		'MODIFIER_PLAYER_GRANT_FREE_RESOURCE_VISIBILITY'),
('DB_RSR_REVEAL_OIL',		'MODIFIER_PLAYER_GRANT_FREE_RESOURCE_VISIBILITY'),
('DB_RSR_REVEAL_ALUMINUM',	'MODIFIER_PLAYER_GRANT_FREE_RESOURCE_VISIBILITY'),
('DB_RSR_REVEAL_URANIUM',	'MODIFIER_PLAYER_GRANT_FREE_RESOURCE_VISIBILITY') ;

INSERT INTO ModifierArguments
(ModifierId,				Name,			Value)
VALUES
('DB_RSR_REVEAL_HORSES',	'ResourceType', 'RESOURCE_HORSES'),
('DB_RSR_REVEAL_IRON',		'ResourceType', 'RESOURCE_IRON'),
('DB_RSR_REVEAL_NITER',		'ResourceType', 'RESOURCE_NITER'),
('DB_RSR_REVEAL_COAL',		'ResourceType', 'RESOURCE_COAL'),
('DB_RSR_REVEAL_OIL',		'ResourceType', 'RESOURCE_OIL'),
('DB_RSR_REVEAL_ALUMINUM',	'ResourceType', 'RESOURCE_ALUMINUM'),
('DB_RSR_REVEAL_URANIUM',	'ResourceType', 'RESOURCE_URANIUM') ;


-- Remove Yields for strategic resources
DELETE FROM Resource_YieldChanges WHERE 
ResourceType IN ('RESOURCE_HORSES',
'RESOURCE_IRON',
'RESOURCE_NITER',
'RESOURCE_COAL',
'RESOURCE_OIL',
'RESOURCE_ALUMINUM',
'RESOURCE_URANIUM') ;


-- Buildings to eat strategic resources
INSERT INTO GameModifiers
(ModifierId)
VALUES 
('DB_RSR_STOP_GATHERING_HORSES_PLAYERS_ATTACH_MODIFIER'),
('DB_RSR_STOP_GATHERING_IRON_PLAYERS_ATTACH_MODIFIER'),
('DB_RSR_STOP_GATHERING_NITER_PLAYERS_ATTACH_MODIFIER'),
('DB_RSR_STOP_GATHERING_COAL_PLAYERS_ATTACH_MODIFIER'),
('DB_RSR_STOP_GATHERING_OIL_PLAYERS_ATTACH_MODIFIER'),
('DB_RSR_STOP_GATHERING_ALUMINUM_PLAYERS_ATTACH_MODIFIER'),
('DB_RSR_STOP_GATHERING_URANIUM_PLAYERS_ATTACH_MODIFIER') ;

INSERT INTO Modifiers 
(ModifierId,												ModifierType)
VALUES
('DB_RSR_STOP_GATHERING_HORSES_PLAYERS_ATTACH_MODIFIER',	'MODIFIER_ALL_PLAYERS_ATTACH_MODIFIER'),
('DB_RSR_STOP_GATHERING_IRON_PLAYERS_ATTACH_MODIFIER',		'MODIFIER_ALL_PLAYERS_ATTACH_MODIFIER'),
('DB_RSR_STOP_GATHERING_NITER_PLAYERS_ATTACH_MODIFIER',		'MODIFIER_ALL_PLAYERS_ATTACH_MODIFIER'),
('DB_RSR_STOP_GATHERING_COAL_PLAYERS_ATTACH_MODIFIER',		'MODIFIER_ALL_PLAYERS_ATTACH_MODIFIER'),
('DB_RSR_STOP_GATHERING_OIL_PLAYERS_ATTACH_MODIFIER',		'MODIFIER_ALL_PLAYERS_ATTACH_MODIFIER'),
('DB_RSR_STOP_GATHERING_ALUMINUM_PLAYERS_ATTACH_MODIFIER',	'MODIFIER_ALL_PLAYERS_ATTACH_MODIFIER'),
('DB_RSR_STOP_GATHERING_URANIUM_PLAYERS_ATTACH_MODIFIER',	'MODIFIER_ALL_PLAYERS_ATTACH_MODIFIER') ;

INSERT INTO ModifierArguments
(ModifierId,												Name,			Value) 
VALUES
('DB_RSR_STOP_GATHERING_HORSES_PLAYERS_ATTACH_MODIFIER',	'ModifierId',	'DB_RSR_STOP_GATHERING_HORSES'),
('DB_RSR_STOP_GATHERING_IRON_PLAYERS_ATTACH_MODIFIER',		'ModifierId',	'DB_RSR_STOP_GATHERING_IRON'),
('DB_RSR_STOP_GATHERING_NITER_PLAYERS_ATTACH_MODIFIER',		'ModifierId',	'DB_RSR_STOP_GATHERING_NITER'),
('DB_RSR_STOP_GATHERING_COAL_PLAYERS_ATTACH_MODIFIER',		'ModifierId',	'DB_RSR_STOP_GATHERING_COAL'),
('DB_RSR_STOP_GATHERING_OIL_PLAYERS_ATTACH_MODIFIER',		'ModifierId',	'DB_RSR_STOP_GATHERING_OIL'),
('DB_RSR_STOP_GATHERING_ALUMINUM_PLAYERS_ATTACH_MODIFIER',	'ModifierId',	'DB_RSR_STOP_GATHERING_ALUMINUM'),
('DB_RSR_STOP_GATHERING_URANIUM_PLAYERS_ATTACH_MODIFIER',	'ModifierId',	'DB_RSR_STOP_GATHERING_URANIUM') ;

INSERT INTO Modifiers 
(ModifierId,						ModifierType) 
VALUES
('DB_RSR_STOP_GATHERING_HORSES',	'MODIFIER_PLAYER_ADJUST_RESOURCE_ACCUMULATION_MODIFIER'),
('DB_RSR_STOP_GATHERING_IRON',		'MODIFIER_PLAYER_ADJUST_RESOURCE_ACCUMULATION_MODIFIER'),
('DB_RSR_STOP_GATHERING_NITER',		'MODIFIER_PLAYER_ADJUST_RESOURCE_ACCUMULATION_MODIFIER'),
('DB_RSR_STOP_GATHERING_COAL',		'MODIFIER_PLAYER_ADJUST_RESOURCE_ACCUMULATION_MODIFIER'),
('DB_RSR_STOP_GATHERING_OIL',		'MODIFIER_PLAYER_ADJUST_RESOURCE_ACCUMULATION_MODIFIER'),
('DB_RSR_STOP_GATHERING_ALUMINUM',	'MODIFIER_PLAYER_ADJUST_RESOURCE_ACCUMULATION_MODIFIER'),
('DB_RSR_STOP_GATHERING_URANIUM',	'MODIFIER_PLAYER_ADJUST_RESOURCE_ACCUMULATION_MODIFIER') ;

INSERT INTO ModifierArguments
(ModifierId,					Name,			Value)
VALUES
('DB_RSR_STOP_GATHERING_HORSES',	'ResourceType', 'RESOURCE_HORSES'),
('DB_RSR_STOP_GATHERING_HORSES',	'Amount',		-2),
('DB_RSR_STOP_GATHERING_IRON',		'ResourceType', 'RESOURCE_IRON'),
('DB_RSR_STOP_GATHERING_IRON',		'Amount',		-2),
('DB_RSR_STOP_GATHERING_NITER',		'ResourceType', 'RESOURCE_NITER'),
('DB_RSR_STOP_GATHERING_NITER',		'Amount',		-2),
('DB_RSR_STOP_GATHERING_COAL',		'ResourceType', 'RESOURCE_COAL'),
('DB_RSR_STOP_GATHERING_COAL',		'Amount',		-3),
('DB_RSR_STOP_GATHERING_OIL',		'ResourceType', 'RESOURCE_OIL'),
('DB_RSR_STOP_GATHERING_OIL',		'Amount',		-3),
('DB_RSR_STOP_GATHERING_ALUMINUM',	'ResourceType', 'RESOURCE_ALUMINUM'),
('DB_RSR_STOP_GATHERING_ALUMINUM',	'Amount',		-2),
('DB_RSR_STOP_GATHERING_URANIUM',	'ResourceType', 'RESOURCE_URANIUM'),
('DB_RSR_STOP_GATHERING_URANIUM',	'Amount',		-3) ;

-- James Young
DELETE FROM GreatPersonIndividualActionModifiers WHERE GreatPersonIndividualType='GREAT_PERSON_INDIVIDUAL_JAMES_YOUNG' AND ModifierId='GREATPERSON_REVEAL_OIL' ;
UPDATE ModifierArguments SET Value = 3 WHERE ModifierId = 'GREATPERSON_2INDUSTRIALMODERNTECHBOOSTS' ;

-- Misc
DELETE FROM GoodyHutSubTypes WHERE SubTypeGoodyHut = 'GOODYHUT_RESOURCES' ;

CREATE TABLE IF NOT EXISTS GoodyHutSubTypes_XP2 ('SubTypeGoodyHut' TEXT, 'CityState' BOOLEAN, 'StrategicResources' BOOLEAN) ;
DELETE FROM GoodyHutSubTypes_XP2 WHERE SubTypeGoodyHut = 'GOODYHUT_RESOURCES' ;

-- Soli Deo Gloria
DELETE FROM Beliefs WHERE BeliefType = 'SDG_I_AM_DEATH' ;

