-- Spies can be purchased with gold like any other unit
UPDATE Units SET PurchaseYield = 'YIELD_GOLD' WHERE UnitType = 'UNIT_SPY' ;

-- Infantry no oil
UPDATE Units SET StrategicResource = NULL WHERE UnitType = 'UNIT_INFANTRY' ;
DELETE FROM Units_XP2 WHERE UnitType = 'UNIT_INFANTRY' ;

-- Privateers requires the resource a frigate requires (but only 1)
UPDATE Units SET StrategicResource = 'RESOURCE_NITER' WHERE UnitType = 'UNIT_PRIVATEER' ;

INSERT OR REPLACE INTO Units_XP2 (UnitType, ResourceMaintenanceAmount, ResourceCost, ResourceMaintenanceType, TourismBomb, CanEarnExperience, TourismBombPossible, CanFormMilitaryFormation, MajorCivOnly, CanCauseDisasters, CanSacrificeUnits)
SELECT 'UNIT_PRIVATEER', ResourceMaintenanceAmount, 1, ResourceMaintenanceType, TourismBomb, CanEarnExperience, TourismBombPossible, CanFormMilitaryFormation, MajorCivOnly, CanCauseDisasters, CanSacrificeUnits FROM Units_XP2 WHERE UnitType = 'UNIT_FRIGATE' ;


/*
INSERT OR REPLACE INTO Modifiers
(ModifierId,													ModifierType,											SubjectRequirementSetId)
VALUES	
('DB_MOD_HEAVY_INFANTRY_PHALANX',								'MODIFIER_UNIT_ADJUST_COMBAT_STRENGTH',					'DB_REQSET_DEFENDING'),
('DB_MOD_HEAVY_INFANTRY_OBLIQUE_ORDER_VS_HEAVY_INF',			'MODIFIER_UNIT_ADJUST_COMBAT_STRENGTH',					'DB_REQSET_OPPONENT_IS_HEAVY_INFANTRY'),
('DB_MOD_HEAVY_INFANTRY_TESTUDO',								'MODIFIER_UNIT_ADJUST_COMBAT_STRENGTH',					'DB_REQSET_DEFENDING_RANGED'),

('DB_MOD_HEAVY_CAVALRY_HAMMER_AND_ANVIL',						'DB_DM_GRANT_ABILITY_ALL_UNITS',						'DB_REQSET_ADJACENT_UNIT_AT_WAR'),
('DB_MOD_HEAVY_CAVALRY_HAMMER_AND_ANVIL_NAILQ',					'MODIFIER_ALL_UNITS_ATTACH_MODIFIER',					'DB_REQSET_ADJACENT_UNIT_AT_WAR'),
('DB_MOD_HEAVY_CAVALRY_HAMMER_AND_ANVIL_ANVIL_MOD',				'DB_DM_GRANT_ABILITY',									'DB_REQSET_IS_HEAVY_INFANTRY'),
('DB_MOD_HEAVY_CAVALRY_HAMMER_AND_ANVIL_ANVIL',					'DB_DM_GRANT_ABILITY_ALL_UNITS',						'DB_REQSET_ADJACENT_UNIT_AT_WAR'),
('DB_MOD_HEAVY_CAVALRY_HAMMER_AND_ANVIL_NAILA',					'MODIFIER_SINGLE_UNIT_ATTACH_MODIFIER',					'DB_REQSET_HAS_NAILQ_ABILITY'),
('DB_MOD_HEAVY_CAVALRY_HAMMER_AND_ANVIL_NAILA2',				'MODIFIER_UNIT_ADJUST_COMBAT_STRENGTH',					'DB_REQSET_DEFENDING_HEAVY_CAVALRY'),

('DB_MOD_HEAVY_CAVALRY_FLYING_WEDGE',							'MODIFIER_UNIT_ADJUST_COMBAT_STRENGTH',					'DB_REQSET_ATTACKING_HEAVY_INFANTRY'),


('DB_MOD_LIGHT_INFANTRY_SCREEN',								'DB_DM_GRANT_ABILITY',									'DB_REQSET_ADJACENT_UNIT_LAND_MELEE_ATTACKER'),
('DB_MOD_LIGHT_INFANTRY_SCREEN_NT_LAND_MELEE_ATTACKER',			'MODIFIER_ALL_UNITS_ATTACH_MODIFIER',					'DB_REQSET_ADJACENT_UNIT_AT_WAR'),
('DB_MOD_LIGHT_INFANTRY_SCREEN_NT_LAND_MELEE_ATTACKER2',		'MODIFIER_UNIT_ADJUST_COMBAT_STRENGTH',					'DB_REQSET_MELEE_DEFENDING_LAND'),
('DB_MOD_LIGHT_INFANTRY_FLANK_GUARD',							'DB_DM_GRANT_ABILITY',									'DB_REQSET_ADJACENT_UNIT_LAND_MELEE_ATTACKER'),
('DB_MOD_LIGHT_INFANTRY_FLANK_GUARD_NT_LAND_MELEE_ATTACKER',	'MODIFIER_ALL_UNITS_ATTACH_MODIFIER',					'DB_REQSET_ADJACENT_UNIT_AT_WAR'),
('DB_MOD_LIGHT_INFANTRY_FLANK_GUARD_NT_LAND_MELEE_ATTACKER2',	'MODIFIER_UNIT_ADJUST_COMBAT_STRENGTH',					'DB_REQSET_MELEE_ATTACKING_LAND'),


('DB_MOD_ARCHER_BROADHEADS',									'MODIFIER_UNIT_ADJUST_COMBAT_STRENGTH',					'DB_REQSET_ARCHER_BROADHEADS'),
('DB_MOD_ARCHER_BARBED_TRILOBATES',								'MODIFIER_UNIT_ADJUST_COMBAT_STRENGTH',					'DB_REQSET_ARCHER_BARBED_TRILOBATES'),
('DB_MOD_ARCHER_LOOPHOLE_TRAINING',								'MODIFIER_SINGLE_UNIT_ATTACH_MODIFIER',					'DB_REQSET_IN_CITY_ENCAMPMENT_OR_FORT'),
('DB_MOD_ARCHER_LOOPHOLE_TRAINING2',							'MODIFIER_UNIT_ADJUST_COMBAT_STRENGTH',					null),

-- ('DB_MOD_WARRIOR_MONKS_DISCIPLES',								'MODIFIER_PLAYER_UNIT_ADJUST_LAND_VICTORY_SPREAD',		null),
('DB_MOD_WARRIOR_MONKS_ADJ_UNITS_DISCIPLES',					'MODIFIER_PLAYER_UNITS_ATTACH_MODIFIER',				'DB_REQSET_ADJACENT_TO_OR_SAME_TILE_AS_OWNER'),

('DB_MOD_MEDIC_ADJ_UNITS_HEAL_AFTER_ACTION',					'MODIFIER_PLAYER_UNITS_ATTACH_MODIFIER',				'DB_REQSET_ADJACENT_TO_OR_SAME_TILE_AS_OWNER')
;



INSERT OR REPLACE INTO ModifierArguments
(ModifierId,													Name,					Value)
VALUES
('DB_MOD_PUSHBACK',												'ForceRetreat',			1),
('DB_MOD_PRIORITY_TARGET',										'Bypass',				1),

('DB_MOD_HEAVY_INFANTRY_PHALANX',								'Amount',				10),
('DB_MOD_HEAVY_INFANTRY_OBLIQUE_ORDER_VS_HEAVY_INF',			'Amount',				5),
('DB_MOD_HEAVY_INFANTRY_TESTUDO',								'Amount',				10),


('DB_MOD_HEAVY_CAVALRY_HAMMER_AND_ANVIL',						'AbilityType',			'DB_ABILITY_HEAVY_CAVALRY_HAMMER_AND_ANVIL_NAILQ'),
('DB_MOD_HEAVY_CAVALRY_HAMMER_AND_ANVIL_NAILQ',					'ModifierId',			'DB_MOD_HEAVY_CAVALRY_HAMMER_AND_ANVIL_ANVIL_MOD'),
('DB_MOD_HEAVY_CAVALRY_HAMMER_AND_ANVIL_ANVIL_MOD',				'AbilityType',			'DB_ABILITY_HEAVY_CAVALRY_HAMMER_AND_ANVIL_ANVIL'),
('DB_MOD_HEAVY_CAVALRY_HAMMER_AND_ANVIL_ANVIL',					'AbilityType',			'DB_ABILITY_HEAVY_CAVALRY_HAMMER_AND_ANVIL_NAILA'),
('DB_MOD_HEAVY_CAVALRY_HAMMER_AND_ANVIL_NAILA',					'ModifierId',			'DB_MOD_HEAVY_CAVALRY_HAMMER_AND_ANVIL_NAILA2'),
('DB_MOD_HEAVY_CAVALRY_HAMMER_AND_ANVIL_NAILA2',				'Amount',				-10),

('DB_MOD_HEAVY_CAVALRY_FLYING_WEDGE',							'Amount',				5),

('DB_MOD_LIGHT_INFANTRY_SCREEN',								'AbilityType',			'DB_ABILITY_LIGHT_INFANTRY_SCREEN_NT_LAND_MELEE_ATTACKER'),
('DB_MOD_LIGHT_INFANTRY_SCREEN_NT_LAND_MELEE_ATTACKER',			'ModifierId',			'DB_MOD_LIGHT_INFANTRY_SCREEN_NT_LAND_MELEE_ATTACKER2'),
('DB_MOD_LIGHT_INFANTRY_SCREEN_NT_LAND_MELEE_ATTACKER2',		'Amount',				-7),
('DB_MOD_LIGHT_INFANTRY_FLANK_GUARD',							'AbilityType',			'DB_ABILITY_LIGHT_INFANTRY_FLANK_GUARD_NT_LAND_MELEE_ATTACKER'),
('DB_MOD_LIGHT_INFANTRY_FLANK_GUARD_NT_LAND_MELEE_ATTACKER',	'ModifierId',			'DB_MOD_LIGHT_INFANTRY_FLANK_GUARD_NT_LAND_MELEE_ATTACKER2'),
('DB_MOD_LIGHT_INFANTRY_FLANK_GUARD_NT_LAND_MELEE_ATTACKER2',	'Amount',				-7),

('DB_MOD_ARCHER_BROADHEADS',									'Amount',				10),
('DB_MOD_ARCHER_BARBED_TRILOBATES',								'Amount',				10),
('DB_MOD_ARCHER_LOOPHOLE_TRAINING',								'ModifierId',			'DB_MOD_ARCHER_LOOPHOLE_TRAINING2'),
('DB_MOD_ARCHER_LOOPHOLE_TRAINING2',							'Amount',				10),

-- ('DB_MOD_WARRIOR_MONKS_DISCIPLES',								'LandVictorySpread',	1),
('DB_MOD_WARRIOR_MONKS_ADJ_UNITS_DISCIPLES',					'ModifierId',			'DB_MOD_HEAVY_CAVALRY_MORALE_BOOST2'), -- 'DB_MOD_WARRIOR_MONKS_DISCIPLES'),

('DB_MOD_MEDIC_ADJ_UNITS_HEAL_AFTER_ACTION',					'ModifierId',			'DB_MOD_HEAL_AFTER_ACTION')
;



INSERT OR REPLACE INTO ModifierStrings
(ModifierId,													Context,	Text)
VALUES	
('DB_MOD_HEAVY_INFANTRY_PHALANX',								'Preview',	'LOC_DB_MOD_HEAVY_INFANTRY_PHALANX_PREVIEW'),
('DB_MOD_HEAVY_INFANTRY_OBLIQUE_ORDER_VS_HEAVY_INF',			'Preview',	'LOC_DB_MOD_HEAVY_INFANTRY_OBLIQUE_ORDER_PREVIEW'),
('DB_MOD_HEAVY_INFANTRY_TESTUDO',								'Preview',	'LOC_DB_MOD_HEAVY_INFANTRY_TESTUDO_PREVIEW'),

('DB_MOD_HEAVY_CAVALRY_HAMMER_AND_ANVIL_NAILA2',				'Preview',	'LOC_DB_MOD_HEAVY_CAVALRY_HAMMER_AND_ANVIL_PREVIEW'),
('DB_MOD_HEAVY_CAVALRY_FLYING_WEDGE',							'Preview',	'LOC_DB_MOD_HEAVY_CAVALRY_FLYING_WEDGE_PREVIEW'),

('DB_MOD_LIGHT_INFANTRY_SCREEN_NT_LAND_MELEE_ATTACKER2',		'Preview',	'LOC_DB_MOD_LIGHT_INFANTRY_SCREEN_PREVIEW'),
('DB_MOD_LIGHT_INFANTRY_FLANK_GUARD_NT_LAND_MELEE_ATTACKER2',	'Preview',	'LOC_DB_MOD_LIGHT_INFANTRY_FLANK_GUARD_PREVIEW'),

('DB_MOD_ARCHER_BROADHEADS',								'Preview',	'LOC_DB_MOD_ARCHER_BROADHEADS_PREVIEW'),
('DB_MOD_ARCHER_BARBED_TRILOBATES',						'Preview',	'LOC_DB_MOD_ARCHER_BARBED_TRILOBATES_PREVIEW'),
('DB_MOD_ARCHER_LOOPHOLE_TRAINING2',						'Preview',	'LOC_DB_MOD_ARCHER_LOOPHOLE_TRAINING_PREVIEW')
;
*/