-- Heavy Cavalry
DELETE FROM UnitPromotionPrereqs WHERE UnitPromotion IN 
	(SELECT UnitPromotionType FROM UnitPromotions WHERE PromotionClass = 'PROMOTION_CLASS_HEAVY_CAVALRY') ;

UPDATE UnitPromotions SET Level = 1, Column = 1 WHERE UnitPromotionType = 'PROMOTION_ARMOR_PIERCING' ;
UPDATE UnitPromotions SET Level = 1, Column = 3 WHERE UnitPromotionType = 'PROMOTION_REACTIVE_ARMOR' ;
UPDATE UnitPromotions SET Level = 2, Column = 1 WHERE UnitPromotionType = 'PROMOTION_MARAUDING' ;
UPDATE UnitPromotions SET Level = 2, Column = 3 WHERE UnitPromotionType = 'PROMOTION_BARDING' ;
UPDATE UnitPromotions SET Level = 3, Column = 1 WHERE UnitPromotionType = 'PROMOTION_CHARGE' ;
UPDATE UnitPromotions SET Level = 3, Column = 3 WHERE UnitPromotionType = 'PROMOTION_ROUT' ;

INSERT INTO UnitPromotionPrereqs ('UnitPromotion', 'PrereqUnitPromotion') VALUES
('PROMOTION_MARAUDING', 'PROMOTION_ARMOR_PIERCING'),
('PROMOTION_MARAUDING', 'PROMOTION_REACTIVE_ARMOR'),
('PROMOTION_BARDING', 'PROMOTION_ARMOR_PIERCING'),
('PROMOTION_BARDING', 'PROMOTION_REACTIVE_ARMOR'),
('PROMOTION_CHARGE', 'PROMOTION_MARAUDING'),
('PROMOTION_CHARGE', 'PROMOTION_BARDING'),
('PROMOTION_ROUT', 'PROMOTION_MARAUDING'),
('PROMOTION_ROUT', 'PROMOTION_BARDING'),
('PROMOTION_BREAKTHROUGH', 'PROMOTION_CHARGE'),
('PROMOTION_BREAKTHROUGH', 'PROMOTION_ROUT')
;

/*
DELETE FROM UnitPromotions WHERE UnitPromotionType IN ('PROMOTION_ROUT', 'PROMOTION_ARMOR_PIERCING', 'PROMOTION_REACTIVE_ARMOR') ;

INSERT INTO Types 
(Type,											Kind)
VALUES
('DB_PROMOTION_HEAVY_CAVALRY_SHOCK_TACTICS',	'KIND_PROMOTION'),
('DB_PROMOTION_HEAVY_CAVALRY_MORALE_BOOST',		'KIND_PROMOTION'),
('DB_PROMOTION_HEAVY_CAVALRY_FEINT',			'KIND_PROMOTION')
;

UPDATE UnitPromotions SET Level = 2, Column = 3 WHERE UnitPromotionType = 'PROMOTION_MARAUDING' ;

INSERT INTO UnitPromotions
(UnitPromotionType,								Level,	Column,	PromotionClass,						Name,													Description) 
VALUES
('DB_PROMOTION_HEAVY_CAVALRY_MORALE_BOOST',		3,		1,		'PROMOTION_CLASS_HEAVY_CAVALRY',	'LOC_DB_PROMOTION_HEAVY_CAVALRY_MORALE_BOOST_NAME',		'LOC_DB_PROMOTION_HEAVY_CAVALRY_MORALE_BOOST_DESCRIPTION'),
('DB_PROMOTION_HEAVY_CAVALRY_FEINT',			3,		3,		'PROMOTION_CLASS_HEAVY_CAVALRY',	'LOC_DB_PROMOTION_HEAVY_CAVALRY_FEINT_NAME',			'LOC_DB_PROMOTION_HEAVY_CAVALRY_FEINT_DESCRIPTION'),
('DB_PROMOTION_HEAVY_CAVALRY_SHOCK_TACTICS',	2,		1,		'PROMOTION_CLASS_HEAVY_CAVALRY',	'LOC_DB_PROMOTION_HEAVY_CAVALRY_SHOCK_TACTICS_NAME',	'LOC_DB_PROMOTION_HEAVY_CAVALRY_SHOCK_TACTICS_DESCRIPTION')
;

INSERT INTO UnitPromotionPrereqs ('UnitPromotion', 'PrereqUnitPromotion') VALUES
('PROMOTION_MARAUDING', 'PROMOTION_CHARGE'),
('PROMOTION_MARAUDING', 'PROMOTION_BARDING'),
('DB_PROMOTION_HEAVY_CAVALRY_SHOCK_TACTICS', 'PROMOTION_CHARGE'),
('DB_PROMOTION_HEAVY_CAVALRY_SHOCK_TACTICS', 'PROMOTION_BARDING'),
('DB_PROMOTION_HEAVY_CAVALRY_FEINT', 'PROMOTION_MARAUDING'),
('DB_PROMOTION_HEAVY_CAVALRY_FEINT', 'DB_PROMOTION_HEAVY_CAVALRY_SHOCK_TACTICS'),
('DB_PROMOTION_HEAVY_CAVALRY_MORALE_BOOST', 'PROMOTION_MARAUDING'),
('DB_PROMOTION_HEAVY_CAVALRY_MORALE_BOOST', 'DB_PROMOTION_HEAVY_CAVALRY_SHOCK_TACTICS'),
('PROMOTION_BREAKTHROUGH', 'DB_PROMOTION_HEAVY_CAVALRY_MORALE_BOOST'),
('PROMOTION_BREAKTHROUGH', 'DB_PROMOTION_HEAVY_CAVALRY_FEINT')
;


INSERT INTO UnitPromotionModifiers
(UnitPromotionType,								ModifierId)
VALUES
('DB_PROMOTION_HEAVY_CAVALRY_SHOCK_TACTICS',	'DB_MOD_HEAVY_CAVALRY_SHOCK_TACTICS'),
('DB_PROMOTION_HEAVY_CAVALRY_MORALE_BOOST',		'DB_MOD_HEAVY_CAVALRY_MORALE_BOOST_HCAV'),
('DB_PROMOTION_HEAVY_CAVALRY_MORALE_BOOST',		'DB_MOD_HEAVY_CAVALRY_MORALE_BOOST_REST'),
('DB_PROMOTION_HEAVY_CAVALRY_FEINT',			'DB_MOD_HEAVY_CAVALRY_FEINT'),
('DB_PROMOTION_HEAVY_CAVALRY_FEINT',			'DB_MOD_HEAVY_CAVALRY_FEINT_MY_ATTACK')
;

INSERT OR REPLACE INTO Modifiers
(ModifierId,													ModifierType,											SubjectRequirementSetId)
VALUES	
('DB_MOD_HEAVY_CAVALRY_SHOCK_TACTICS',							'MODIFIER_UNIT_ADJUST_COMBAT_STRENGTH',					'DB_REQSET_ATTACKING_VS_21_DAMAGE'),
('DB_MOD_HEAVY_CAVALRY_MORALE_BOOST_HCAV',						'MODIFIER_PLAYER_UNITS_ATTACH_MODIFIER',				'DB_REQSET_IS_HEAVY_CAVALRY_AND_ADJACENT_TO_OWNER'),
('DB_MOD_HEAVY_CAVALRY_MORALE_BOOST_REST',						'MODIFIER_PLAYER_UNITS_ATTACH_MODIFIER',				'DB_REQSET_ANYTHING_BUT_A_HEAVY_CAVALRY_AND_ADJACENT_TO_OR_SAME_TILE_AS_OWNER'),
('DB_MOD_HEAVY_CAVALRY_MORALE_BOOST2',							'MODIFIER_UNIT_ADJUST_COMBAT_STRENGTH',					null),
('DB_MOD_HEAVY_CAVALRY_FEINT',									'MODIFIER_ALL_UNITS_ATTACH_MODIFIER',					'DB_REQSET_ADJACENT_UNIT_AT_WAR'),
('DB_MOD_HEAVY_CAVALRY_FEINT2',									'MODIFIER_UNIT_ADJUST_COMBAT_STRENGTH',					'DB_REQSET_MELEE_DEFENDING_LAND'),
('DB_MOD_HEAVY_CAVALRY_FEINT_MY_ATTACK',						'MODIFIER_UNIT_ADJUST_COMBAT_STRENGTH',					'DB_REQSET_ATTACKING')
;

INSERT OR REPLACE INTO ModifierArguments
(ModifierId,													Name,					Value)
VALUES
('DB_MOD_HEAVY_CAVALRY_SHOCK_TACTICS',							'Amount',				10),
('DB_MOD_HEAVY_CAVALRY_MORALE_BOOST_HCAV',						'ModifierId',			'DB_MOD_HEAVY_CAVALRY_MORALE_BOOST2'),
('DB_MOD_HEAVY_CAVALRY_MORALE_BOOST_REST',						'ModifierId',			'DB_MOD_HEAVY_CAVALRY_MORALE_BOOST2'),
('DB_MOD_HEAVY_CAVALRY_MORALE_BOOST2',							'Amount',				3),
('DB_MOD_HEAVY_CAVALRY_FEINT',									'ModifierId',			'DB_MOD_HEAVY_CAVALRY_FEINT2'),
('DB_MOD_HEAVY_CAVALRY_FEINT2',									'Amount',				-5),
('DB_MOD_HEAVY_CAVALRY_FEINT_MY_ATTACK',						'Amount',				-5)
;

INSERT OR REPLACE INTO ModifierStrings
(ModifierId,													Context,	Text)
VALUES	
('DB_MOD_HEAVY_CAVALRY_MORALE_BOOST2',							'Preview',	'LOC_DB_MOD_HEAVY_CAVALRY_MORALE_BOOST_PREVIEW'),
('DB_MOD_HEAVY_CAVALRY_FEINT2',									'Preview',	'LOC_DB_MOD_HEAVY_CAVALRY_FEINT_PREVIEW'),
('DB_MOD_HEAVY_CAVALRY_FEINT_MY_ATTACK',						'Preview',	'LOC_DB_MOD_HEAVY_CAVALRY_FEINT_MY_ATTACK_PREVIEW'),
('DB_MOD_HEAVY_CAVALRY_SHOCK_TACTICS',							'Preview',	'LOC_DB_MOD_HEAVY_CAVALRY_SHOCK_TACTICS_PREVIEW')
;

*/