-- Light Cavalry
DELETE FROM UnitPromotionPrereqs WHERE UnitPromotion IN 
	(SELECT UnitPromotionType FROM UnitPromotions WHERE PromotionClass = 'PROMOTION_CLASS_LIGHT_CAVALRY') ;

UPDATE UnitPromotions SET Level = 2, Column = 1 WHERE UnitPromotionType = 'PROMOTION_SPIKING_THE_GUNS' ;
UPDATE UnitPromotions SET Level = 3, Column = 1 WHERE UnitPromotionType = 'PROMOTION_ESCORT_MOBILITY' ;
UPDATE UnitPromotions SET Level = 4, Column = 2 WHERE UnitPromotionType = 'PROMOTION_DEPREDATION' ;

INSERT INTO UnitPromotionPrereqs ('UnitPromotion', 'PrereqUnitPromotion') VALUES
('PROMOTION_DOUBLE_ENVELOPMENT', 'PROMOTION_CAPARISON'),
('PROMOTION_DOUBLE_ENVELOPMENT', 'PROMOTION_COURSERS'),
('PROMOTION_SPIKING_THE_GUNS', 'PROMOTION_CAPARISON'),
('PROMOTION_SPIKING_THE_GUNS', 'PROMOTION_COURSERS'),
('PROMOTION_ESCORT_MOBILITY', 'PROMOTION_DOUBLE_ENVELOPMENT'),
('PROMOTION_ESCORT_MOBILITY', 'PROMOTION_SPIKING_THE_GUNS'),
('PROMOTION_PURSUIT', 'PROMOTION_DOUBLE_ENVELOPMENT'),
('PROMOTION_PURSUIT', 'PROMOTION_SPIKING_THE_GUNS'),
('PROMOTION_DEPREDATION', 'PROMOTION_ESCORT_MOBILITY'),
('PROMOTION_DEPREDATION', 'PROMOTION_PURSUIT')
;


/*
DELETE FROM UnitPromotions WHERE UnitPromotionType IN ('PROMOTION_CAPARISON', 'PROMOTION_COURSERS', 'PROMOTION_DOUBLE_ENVELOPMENT', 'PROMOTION_SPIKING_THE_GUNS', 'PROMOTION_PURSUIT') ;

INSERT INTO Types 
(Type,											Kind)
VALUES
('DB_PROMOTION_LIGHT_CAVALRY_HIT_AND_RUN',		'KIND_PROMOTION'),
('DB_PROMOTION_LIGHT_CAVALRY_ENVELOPE',			'KIND_PROMOTION'),
('DB_PROMOTION_LIGHT_CAVALRY_DUST_STORM',		'KIND_PROMOTION'),
('DB_PROMOTION_LIGHT_CAVALRY_PARTHIAN_SHOT',	'KIND_PROMOTION'),
('DB_PROMOTION_LIGHT_CAVALRY_STRING_OF_MARES',	'KIND_PROMOTION')
;

INSERT INTO UnitPromotions
(UnitPromotionType,								Level,	Column,	PromotionClass,						Name,													Description) 
VALUES
('DB_PROMOTION_LIGHT_CAVALRY_PARTHIAN_SHOT',	1,		1,		'PROMOTION_CLASS_LIGHT_CAVALRY',	'LOC_DB_PROMOTION_LIGHT_CAVALRY_PARTHIAN_SHOT_NAME',	'LOC_DB_PROMOTION_LIGHT_CAVALRY_PARTHIAN_SHOT_DESCRIPTION'),
('DB_PROMOTION_LIGHT_CAVALRY_HIT_AND_RUN',		1,		3,		'PROMOTION_CLASS_LIGHT_CAVALRY',	'LOC_DB_PROMOTION_HIT_AND_RUN_NAME',					'LOC_DB_PROMOTION_HIT_AND_RUN_DESCRIPTION'),
('DB_PROMOTION_LIGHT_CAVALRY_ENVELOPE',			2,		1,		'PROMOTION_CLASS_LIGHT_CAVALRY',	'LOC_DB_PROMOTION_LIGHT_CAVALRY_ENVELOPE_NAME',			'LOC_DB_PROMOTION_LIGHT_CAVALRY_ENVELOPE_DESCRIPTION'),
('DB_PROMOTION_LIGHT_CAVALRY_DUST_STORM',		2,		3,		'PROMOTION_CLASS_LIGHT_CAVALRY',	'LOC_DB_PROMOTION_LIGHT_CAVALRY_DUST_STORM_NAME',		'LOC_DB_PROMOTION_LIGHT_CAVALRY_DUST_STORM_DESCRIPTION'),
('DB_PROMOTION_LIGHT_CAVALRY_STRING_OF_MARES',	3,		3,		'PROMOTION_CLASS_LIGHT_CAVALRY',	'LOC_DB_PROMOTION_LIGHT_CAVALRY_STRING_OF_MARES_NAME',	'LOC_DB_PROMOTION_LIGHT_CAVALRY_STRING_OF_MARES_DESCRIPTION')
;


INSERT INTO UnitPromotionPrereqs ('UnitPromotion', 'PrereqUnitPromotion') VALUES
('DB_PROMOTION_LIGHT_CAVALRY_ENVELOPE', 'DB_PROMOTION_LIGHT_CAVALRY_PARTHIAN_SHOT'),
('DB_PROMOTION_LIGHT_CAVALRY_ENVELOPE', 'DB_PROMOTION_LIGHT_CAVALRY_HIT_AND_RUN'),
('DB_PROMOTION_LIGHT_CAVALRY_DUST_STORM', 'DB_PROMOTION_LIGHT_CAVALRY_PARTHIAN_SHOT'),
('DB_PROMOTION_LIGHT_CAVALRY_DUST_STORM', 'DB_PROMOTION_LIGHT_CAVALRY_HIT_AND_RUN'),
('PROMOTION_ESCORT_MOBILITY', 'DB_PROMOTION_LIGHT_CAVALRY_ENVELOPE'),
('PROMOTION_ESCORT_MOBILITY', 'DB_PROMOTION_LIGHT_CAVALRY_DUST_STORM'),
('DB_PROMOTION_LIGHT_CAVALRY_STRING_OF_MARES', 'DB_PROMOTION_LIGHT_CAVALRY_ENVELOPE'),
('DB_PROMOTION_LIGHT_CAVALRY_STRING_OF_MARES', 'DB_PROMOTION_LIGHT_CAVALRY_DUST_STORM'),
('PROMOTION_DEPREDATION', 'PROMOTION_ESCORT_MOBILITY'),
('PROMOTION_DEPREDATION', 'DB_PROMOTION_LIGHT_CAVALRY_STRING_OF_MARES')
;

INSERT INTO UnitPromotionModifiers
(UnitPromotionType,								ModifierId)
VALUES
('DB_PROMOTION_LIGHT_CAVALRY_HIT_AND_RUN',		'DB_MOD_MOVE_AFTER_ATTACK'),
('DB_PROMOTION_LIGHT_CAVALRY_ENVELOPE',			'DB_MOD_LIGHT_CAVALRY_ENVELOPE'),
('DB_PROMOTION_LIGHT_CAVALRY_DUST_STORM',		'DB_MOD_LIGHT_CAVALRY_DUST_STORM'),
('DB_PROMOTION_LIGHT_CAVALRY_PARTHIAN_SHOT',	'DB_MOD_LIGHT_CAVALRY_PARTHIAN_SHOT'),
('DB_PROMOTION_LIGHT_CAVALRY_STRING_OF_MARES',	'DB_MOD_HEAL_AFTER_ACTION'),
('DB_PROMOTION_LIGHT_CAVALRY_STRING_OF_MARES',	'DB_MOD_+1_MOVEMENT')
;


INSERT OR REPLACE INTO Modifiers
(ModifierId,													ModifierType,											SubjectRequirementSetId)
VALUES	
('DB_MOD_LIGHT_CAVALRY_ENVELOPE',								'MODIFIER_ALL_UNITS_ATTACH_MODIFIER',					'DB_REQSET_ADJACENT_UNIT_AT_WAR'),
('DB_MOD_LIGHT_CAVALRY_ENVELOPE2',								'MODIFIER_UNIT_ADJUST_COMBAT_STRENGTH',					'DB_REQSET_MELEE_DEFENDING_LAND'),
('DB_MOD_LIGHT_CAVALRY_DUST_STORM',								'MODIFIER_ALL_UNITS_ATTACH_MODIFIER',					'DB_REQSET_ADJACENT_UNIT_AT_WAR'),
('DB_MOD_LIGHT_CAVALRY_DUST_STORM2',							'MODIFIER_UNIT_ADJUST_COMBAT_STRENGTH',					'DB_REQSET_ATTACKING'),
('DB_MOD_LIGHT_CAVALRY_PARTHIAN_SHOT',							'MODIFIER_UNIT_ADJUST_COMBAT_STRENGTH',					'DB_REQSET_DEFENDING')
;

INSERT OR REPLACE INTO ModifierArguments
(ModifierId,													Name,					Value)
VALUES
('DB_MOD_LIGHT_CAVALRY_ENVELOPE',								'ModifierId',			'DB_MOD_LIGHT_CAVALRY_ENVELOPE2'),
('DB_MOD_LIGHT_CAVALRY_ENVELOPE2',								'Amount',				-5),
('DB_MOD_LIGHT_CAVALRY_DUST_STORM',								'ModifierId',			'DB_MOD_LIGHT_CAVALRY_DUST_STORM2'),
('DB_MOD_LIGHT_CAVALRY_DUST_STORM2',							'Amount',				-5),
('DB_MOD_LIGHT_CAVALRY_PARTHIAN_SHOT',							'Amount',				5)
;

INSERT OR REPLACE INTO ModifierStrings
(ModifierId,													Context,	Text)
VALUES	
('DB_MOD_LIGHT_CAVALRY_ENVELOPE2',								'Preview',	'LOC_DB_MOD_LIGHT_CAVALRY_ENVELOPE_PREVIEW'),
('DB_MOD_LIGHT_CAVALRY_DUST_STORM2',							'Preview',	'LOC_DB_MOD_LIGHT_CAVALRY_DUST_STORM_PREVIEW'),
('DB_MOD_LIGHT_CAVALRY_PARTHIAN_SHOT',							'Preview',	'LOC_DB_MOD_LIGHT_CAVALRY_PARTHIAN_SHOT_PREVIEW')
;

*/