INSERT OR IGNORE INTO Tags (Tag, Vocabulary) VALUES ('DB_CLASS_HIDABLE', 'ABILITY_CLASS') ;
INSERT OR IGNORE INTO TypeTags (Type, Tag)
  SELECT UnitType, 'DB_CLASS_HIDABLE' FROM UNITS WHERE Domain = 'DOMAIN_LAND' AND UnitType NOT IN (
	'UNIT_GIANT_DEATH_ROBOT',
	'UNIT_HELICOPTER',
	'UNIT_DRONE',
	'UNIT_OBSERVATION_BALLOON',
	'UNIT_SPY') ;


INSERT OR IGNORE INTO Requirements (RequirementId, RequirementType) VALUES ('DB_REQ_IS_HIDABLE', 'REQUIREMENT_UNIT_TAG_MATCHES') ;
INSERT OR IGNORE INTO RequirementArguments (RequirementId, Name, Value) VALUES ('DB_REQ_IS_HIDABLE', 'Tag', 'DB_CLASS_HIDABLE') ;
INSERT OR IGNORE INTO RequirementSets ('RequirementSetId', 'RequirementSetType') VALUES ('DB_REQSET_IS_HIDABLE', 'REQUIREMENTSET_TEST_ALL') ;
INSERT OR IGNORE INTO RequirementSetRequirements ('RequirementSetId', 'RequirementId') VALUES ('DB_REQSET_IS_HIDABLE', 'DB_REQ_IS_HIDABLE') ;


/*
INSERT OR IGNORE INTO RequirementSets ('RequirementSetId', 'RequirementSetType') VALUES ('DB_REQSET_HIDABLE_UNIT_IN_TREES', 'REQUIREMENTSET_TEST_ALL') ;
INSERT OR IGNORE INTO RequirementSetRequirements ('RequirementSetId', 'RequirementId') VALUES 
('DB_REQSET_HIDABLE_UNIT_IN_TREES', 'DB_REQ_IS_HIDABLE'),
('DB_REQSET_HIDABLE_UNIT_IN_TREES', 'DB_REQ_HAS_TREES') ;
*/

INSERT INTO GameModifiers (ModifierId) VALUES ('DB_MOD_HIDE_IN_TREES_UNITS_ATTACH_MODIFIER') ;
INSERT INTO Modifiers (ModifierId, ModifierType, SubjectRequirementSetId) VALUES ('DB_MOD_HIDE_IN_TREES_UNITS_ATTACH_MODIFIER', 'MODIFIER_ALL_UNITS_ATTACH_MODIFIER', 'DB_REQSET_IS_HIDABLE') ;
INSERT INTO ModifierArguments (ModifierId, Name, Value) VALUES ('DB_MOD_HIDE_IN_TREES_UNITS_ATTACH_MODIFIER', 'ModifierId', 'DB_MOD_HIDE_IN_TREES') ;
INSERT INTO Modifiers (ModifierId, ModifierType, SubjectRequirementSetId) VALUES ('DB_MOD_HIDE_IN_TREES', 'DB_DM_IS_HIDDEN', 'DB_REQSET_HAS_TREES') ;
INSERT INTO ModifierArguments (ModifierId, Name, Value) VALUES ('DB_MOD_HIDE_IN_TREES', 'Hidden', 1) ;


INSERT INTO Types (Type, Kind) VALUES ('DB_ABILITY_HIDE_IN_TREES', 'KIND_ABILITY') ; 
INSERT INTO TypeTags (Type, Tag) VALUES ('DB_ABILITY_HIDE_IN_TREES', 'DB_CLASS_HIDABLE') ; 
INSERT INTO UnitAbilities (UnitAbilityType, Name, Description) VALUES ('DB_ABILITY_HIDE_IN_TREES', 'LOC_DB_ABILITY_HIDE_IN_TREES_NAME', 'LOC_DB_ABILITY_HIDE_IN_TREES_DESC') ;




/*
INSERT INTO UnitAbilityModifiers (UnitAbilityType, ModifierId) VALUES ('DB_ABILITY_HIDE_IN_TREES', 'DB_MOD_HIDE_IN_TREES') ;
INSERT INTO Modifiers (ModifierId, ModifierType, SubjectRequirementSetId) VALUES ('DB_MOD_HIDE_IN_TREES', 'DB_DM_IS_HIDDEN', 'DB_REQSET_HAS_TREES') ;
INSERT INTO ModifierArguments (ModifierId, Name, Value) VALUES ('DB_MOD_HIDE_IN_TREES', 'Hidden', 1) ;

/*
INSERT INTO GameModifiers (ModifierId) VALUES ('DB_HIDE_IN_TREES_ABILITY_TO_UNITS') ;
INSERT INTO Modifiers (ModifierId, ModifierType) VALUES ('DB_HIDE_IN_TREES_ABILITY_TO_UNITS', 'DB_DM_GRANT_ABILITY_ALL_UNITS') ;
INSERT INTO ModifierArguments (ModifierId, Name, Value) VALUES ('DB_HIDE_IN_TREES_ABILITY_TO_UNITS', 'AbilityType', 'DB_ABILITY_HIDE_IN_TREES') ;
*/

/*
INSERT OR IGNORE INTO RequirementSets ('RequirementSetId', 'RequirementSetType') VALUES ('DB_REQSET_UNIT_IN_CITY_CENTER_OR_ENCAMPMENT_OR_FORT', 'REQUIREMENTSET_TEST_ANY') ;
INSERT OR IGNORE INTO RequirementSetRequirements ('RequirementSetId', 'RequirementId') VALUES 
('DB_REQSET_UNIT_IN_CITY_CENTER_OR_ENCAMPMENT_OR_FORT', 'DB_REQ_UNIT_IN_CITY_CENTER'),
('DB_REQSET_UNIT_IN_CITY_CENTER_OR_ENCAMPMENT_OR_FORT', 'DB_REQ_UNIT_IN_ENCAMPMENT'),
('DB_REQSET_UNIT_IN_CITY_CENTER_OR_ENCAMPMENT_OR_FORT', 'DB_REQ_UNIT_IN_FORT') ;

INSERT INTO Types (Type, Kind) VALUES ('DB_ABILITY_CITIES_SEE_HIDDEN', 'KIND_ABILITY') ; 
INSERT INTO TypeTags (Type, Tag) VALUES ('DB_ABILITY_CITIES_SEE_HIDDEN', 'DB_CLASS_ALL') ; 
INSERT INTO UnitAbilities (UnitAbilityType, Name, Description) VALUES ('DB_ABILITY_CITIES_SEE_HIDDEN', 'LOC_DB_ABILITY_CITIES_SEE_HIDDEN_NAME', 'LOC_DB_ABILITY_CITIES_SEE_HIDDEN_DESC') ;
INSERT INTO UnitAbilityModifiers (UnitAbilityType, ModifierId) VALUES ('DB_ABILITY_CITIES_SEE_HIDDEN', 'DB_MOD_CITIES_SEE_HIDDEN') ;
INSERT INTO Modifiers (ModifierId, ModifierType, SubjectRequirementSetId) VALUES ('DB_MOD_CITIES_SEE_HIDDEN', 'DB_DM_CAN_SEE_HIDDEN', 'DB_REQSET_UNIT_IN_CITY_CENTER_OR_ENCAMPMENT_OR_FORT') ;
INSERT INTO ModifierArguments (ModifierId, Name, Value) VALUES ('DB_MOD_CITIES_SEE_HIDDEN', 'SeeHidden', 1) ;

/*
INSERT INTO GameModifiers (ModifierId) VALUES ('DB_CITIES_SEE_HIDDEN_ABILITY_TO_UNITS') ;
INSERT INTO Modifiers (ModifierId, ModifierType) VALUES ('DB_CITIES_SEE_HIDDEN_ABILITY_TO_UNITS', 'DB_DM_GRANT_ABILITY_ALL_UNITS') ;
INSERT INTO ModifierArguments (ModifierId, Name, Value) VALUES ('DB_CITIES_SEE_HIDDEN_ABILITY_TO_UNITS', 'AbilityType', 'DB_ABILITY_CITIES_SEE_HIDDEN') ;
*/

/*

INSERT INTO Modifiers (ModifierId, ModifierType, SubjectRequirementSetId) VALUES ('DB_HIDE_IN_TREES_UNITS_ATTACH_MODIFIER', 'MODIFIER_ALL_UNITS_ATTACH_MODIFIER', 'DB_REQSET_HAS_TREES') ;
INSERT INTO ModifierArguments (ModifierId, Name, Value) VALUES ('DB_HIDE_IN_TREES_UNITS_ATTACH_MODIFIER', 'ModifierId', 'DB_MOD_HIDE_IN_TREES') ;

INSERT INTO Modifiers (ModifierId, ModifierType) VALUES ('DB_MOD_HIDE_IN_TREES', 'DB_DM_IS_HIDDEN') ;
INSERT INTO ModifierArguments (ModifierId, Name, Value) VALUES ('DB_MOD_HIDE_IN_TREES', 'Hidden', 1) ;


INSERT INTO GameModifiers (ModifierId) VALUES ('DB_CITIES_SEE_HIDDEN_UNITS_ATTACH_MODIFIER') ;
INSERT INTO Modifiers (ModifierId, ModifierType, SubjectRequirementSetId) VALUES ('DB_CITIES_SEE_HIDDEN_UNITS_ATTACH_MODIFIER', 'MODIFIER_ALL_UNITS_ATTACH_MODIFIER', 'DB_REQSET_UNIT_IN_CITY_CENTER_OR_ENCAMPMENT_OR_FORT') ;
INSERT INTO ModifierArguments (ModifierId, Name, Value) VALUES ('DB_CITIES_SEE_HIDDEN_UNITS_ATTACH_MODIFIER', 'ModifierId', 'DB_MOD_SEE_HIDDEN_IN_CITIES_OR_ENCAMPMENTSOR_FORTS') ;

INSERT INTO Modifiers (ModifierId, ModifierType) VALUES ('DB_MOD_SEE_HIDDEN_IN_CITIES_OR_ENCAMPMENTSOR_FORTS', 'DB_DM_CAN_SEE_HIDDEN') ;
INSERT INTO ModifierArguments (ModifierId, Name, Value) VALUES ('DB_MOD_SEE_HIDDEN_IN_CITIES_OR_ENCAMPMENTSOR_FORTS', 'SeeHidden', 1) ;

*/